{
"lengthUnit": "mil",
"remark": [],
"components": {
	"fields": ["COMPONENT_NO", "COMPONENT_NAME", "LAYER", "X_COORDINATE", "Y_COORDINATE", "ANGLE"],
	"rows": [
		[1, "1)5V\n2)GND", "T", -1091, -3659.52, 270],
		[2, "1)CLK\n2)CLR", "T", -1091, -3978.39, 270],
		[3, "1K", "T", 653.5335, -4330.343, 270],
		[4, "1K", "T", 283.8485, -4330.343, 270],
		[5, "1K", "T", 1137.5375, -4330.343, 270],
		[6, "74LS157", "T", -370, -3795, 0],
		[7, "74LS173", "T", -365.2658, -4463.231, 0],
		[8, "74LS174", "T", -370, -5130, 0],
		[9, "100nF", "T", 395, -3785, 90],
		[10, "(A_B)_C", "T", 1140, -5165, 0],
		[11, "~RAM_ADR_IN", "T", -1090, -4248.26, 0],
		[12, "A_B", "T", 470, -5165, 0],
		[13, "BUS", "T", -1090, -4619.13, 270],
		[14, "COM", "T", -1090, -5140, 270],
		[15, "DIP", "T", 940, -3800, 180],
		[16, "LED_A", "T", 653.5335, -4724.923, 270],
		[17, "LED_B", "T", 283.8485, -4724.923, 270],
		[18, "LED_C", "T", 1137.5375, -4724.923, 270],
		[19, "MODE", "T", 1485, -3865, 270],
		[20, "Y", "T", 1485, -4300, 270],
		[21, "PAD1", "T", -1091, -3609.52, 0],
		[22, "PAD1", "B", -1091, -3609.52, 0],
		[23, "PAD2", "T", -1091, -3709.52, 0],
		[24, "PAD2", "B", -1091, -3709.52, 0],
		[25, "PAD3", "T", -1091, -3928.39, 0],
		[26, "PAD3", "B", -1091, -3928.39, 0],
		[27, "PAD4", "T", -1091, -4028.39, 0],
		[28, "PAD4", "B", -1091, -4028.39, 0],
		[29, "PAD5", "T", -20, -3645, 0],
		[30, "PAD5", "B", -20, -3645, 0],
		[31, "PAD6", "T", -120, -3645, 0],
		[32, "PAD6", "B", -120, -3645, 0],
		[33, "PAD7", "T", -220, -3645, 0],
		[34, "PAD7", "B", -220, -3645, 0],
		[35, "PAD8", "T", -320, -3645, 0],
		[36, "PAD8", "B", -320, -3645, 0],
		[37, "PAD9", "T", -420, -3645, 0],
		[38, "PAD9", "B", -420, -3645, 0],
		[39, "PAD10", "T", -520, -3645, 0],
		[40, "PAD10", "B", -520, -3645, 0],
		[41, "PAD11", "T", -620, -3645, 0],
		[42, "PAD11", "B", -620, -3645, 0],
		[43, "PAD12", "T", -720, -3645, 0],
		[44, "PAD12", "B", -720, -3645, 0],
		[45, "PAD13", "T", -20, -3945, 0],
		[46, "PAD13", "B", -20, -3945, 0],
		[47, "PAD14", "T", -120, -3945, 0],
		[48, "PAD14", "B", -120, -3945, 0],
		[49, "PAD15", "T", -220, -3945, 0],
		[50, "PAD15", "B", -220, -3945, 0],
		[51, "PAD16", "T", -320, -3945, 0],
		[52, "PAD16", "B", -320, -3945, 0],
		[53, "PAD17", "T", -420, -3945, 0],
		[54, "PAD17", "B", -420, -3945, 0],
		[55, "PAD18", "T", -520, -3945, 0],
		[56, "PAD18", "B", -520, -3945, 0],
		[57, "PAD19", "T", -620, -3945, 0],
		[58, "PAD19", "B", -620, -3945, 0],
		[59, "PAD20", "T", -720, -3945, 0],
		[60, "PAD20", "B", -720, -3945, 0],
		[61, "PAD21", "T", -715.2658, -4619.531, 0],
		[62, "PAD21", "B", -715.2658, -4619.531, 0],
		[63, "PAD22", "T", -715.2658, -4306.931, 0],
		[64, "PAD22", "B", -715.2658, -4306.931, 0],
		[65, "PAD23", "T", -615.2658, -4619.531, 0],
		[66, "PAD23", "B", -615.2658, -4619.531, 0],
		[67, "PAD24", "T", -615.2658, -4306.931, 0],
		[68, "PAD24", "B", -615.2658, -4306.931, 0],
		[69, "PAD25", "T", -515.2658, -4619.531, 0],
		[70, "PAD25", "B", -515.2658, -4619.531, 0],
		[71, "PAD26", "T", -515.2658, -4306.931, 0],
		[72, "PAD26", "B", -515.2658, -4306.931, 0],
		[73, "PAD27", "T", -415.2658, -4619.531, 0],
		[74, "PAD27", "B", -415.2658, -4619.531, 0],
		[75, "PAD28", "T", -415.2658, -4306.931, 0],
		[76, "PAD28", "B", -415.2658, -4306.931, 0],
		[77, "PAD29", "T", -315.2658, -4619.531, 0],
		[78, "PAD29", "B", -315.2658, -4619.531, 0],
		[79, "PAD30", "T", -315.2658, -4306.931, 0],
		[80, "PAD30", "B", -315.2658, -4306.931, 0],
		[81, "PAD31", "T", -215.2658, -4619.531, 0],
		[82, "PAD31", "B", -215.2658, -4619.531, 0],
		[83, "PAD32", "T", -215.2658, -4306.931, 0],
		[84, "PAD32", "B", -215.2658, -4306.931, 0],
		[85, "PAD33", "T", -115.2658, -4619.531, 0],
		[86, "PAD33", "B", -115.2658, -4619.531, 0],
		[87, "PAD34", "T", -115.2658, -4306.931, 0],
		[88, "PAD34", "B", -115.2658, -4306.931, 0],
		[89, "PAD35", "T", -15.2658, -4619.531, 0],
		[90, "PAD35", "B", -15.2658, -4619.531, 0],
		[91, "PAD36", "T", -15.2658, -4306.931, 0],
		[92, "PAD36", "B", -15.2658, -4306.931, 0],
		[93, "PAD37", "T", -20, -4980, 0],
		[94, "PAD37", "B", -20, -4980, 0],
		[95, "PAD38", "T", -120, -4980, 0],
		[96, "PAD38", "B", -120, -4980, 0],
		[97, "PAD39", "T", -220, -4980, 0],
		[98, "PAD39", "B", -220, -4980, 0],
		[99, "PAD40", "T", -320, -4980, 0],
		[100, "PAD40", "B", -320, -4980, 0],
		[101, "PAD41", "T", -420, -4980, 0],
		[102, "PAD41", "B", -420, -4980, 0],
		[103, "PAD42", "T", -520, -4980, 0],
		[104, "PAD42", "B", -520, -4980, 0],
		[105, "PAD43", "T", -620, -4980, 0],
		[106, "PAD43", "B", -620, -4980, 0],
		[107, "PAD44", "T", -720, -4980, 0],
		[108, "PAD44", "B", -720, -4980, 0],
		[109, "PAD45", "T", -20, -5280, 0],
		[110, "PAD45", "B", -20, -5280, 0],
		[111, "PAD46", "T", -120, -5280, 0],
		[112, "PAD46", "B", -120, -5280, 0],
		[113, "PAD47", "T", -220, -5280, 0],
		[114, "PAD47", "B", -220, -5280, 0],
		[115, "PAD48", "T", -320, -5280, 0],
		[116, "PAD48", "B", -320, -5280, 0],
		[117, "PAD49", "T", -420, -5280, 0],
		[118, "PAD49", "B", -420, -5280, 0],
		[119, "PAD50", "T", -520, -5280, 0],
		[120, "PAD50", "B", -520, -5280, 0],
		[121, "PAD51", "T", -620, -5280, 0],
		[122, "PAD51", "B", -620, -5280, 0],
		[123, "PAD52", "T", -720, -5280, 0],
		[124, "PAD52", "B", -720, -5280, 0],
		[125, "PAD53", "T", 395, -3885, 0],
		[126, "PAD53", "B", 395, -3885, 0],
		[127, "PAD54", "T", 395, -3685, 0],
		[128, "PAD54", "B", 395, -3685, 0],
		[129, "PAD55", "T", 1140, -5165, 0],
		[130, "PAD55", "B", 1140, -5165, 0],
		[131, "PAD56", "T", 1325.04, -5165, 0],
		[132, "PAD56", "B", 1325.04, -5165, 0],
		[133, "PAD57", "T", 284.96, -5165, 0],
		[134, "PAD57", "B", 284.96, -5165, 0],
		[135, "PAD58", "T", 470, -5165, 0],
		[136, "PAD58", "B", 470, -5165, 0],
		[137, "PAD59", "T", 655.04, -5165, 0],
		[138, "PAD59", "B", 655.04, -5165, 0],
		[139, "PAD60", "T", -1090, -4469.13, 0],
		[140, "PAD60", "B", -1090, -4469.13, 0],
		[141, "PAD61", "T", -1090, -4569.13, 0],
		[142, "PAD61", "B", -1090, -4569.13, 0],
		[143, "PAD62", "T", -1090, -4669.13, 0],
		[144, "PAD62", "B", -1090, -4669.13, 0],
		[145, "PAD63", "T", -1090, -4769.13, 0],
		[146, "PAD63", "B", -1090, -4769.13, 0],
		[147, "PAD64", "T", -1090, -4990, 0],
		[148, "PAD64", "B", -1090, -4990, 0],
		[149, "PAD65", "T", -1090, -5090, 0],
		[150, "PAD65", "B", -1090, -5090, 0],
		[151, "PAD66", "T", -1090, -5190, 0],
		[152, "PAD66", "B", -1090, -5190, 0],
		[153, "PAD67", "T", -1090, -5290, 0],
		[154, "PAD67", "B", -1090, -5290, 0],
		[155, "PAD68", "T", 790, -3650, 0],
		[156, "PAD68", "B", 790, -3650, 0],
		[157, "PAD69", "T", 790, -3950, 0],
		[158, "PAD69", "B", 790, -3950, 0],
		[159, "PAD70", "T", 890, -3650, 0],
		[160, "PAD70", "B", 890, -3650, 0],
		[161, "PAD71", "T", 890, -3950, 0],
		[162, "PAD71", "B", 890, -3950, 0],
		[163, "PAD72", "T", 1090, -3650, 0],
		[164, "PAD72", "B", 1090, -3650, 0],
		[165, "PAD73", "T", 990, -3650, 0],
		[166, "PAD73", "B", 990, -3650, 0],
		[167, "PAD74", "T", 990, -3950, 0],
		[168, "PAD74", "B", 990, -3950, 0],
		[169, "PAD75", "T", 1090, -3950, 0],
		[170, "PAD75", "B", 1090, -3950, 0],
		[171, "PAD76", "T", 653.5335, -4674.923, 0],
		[172, "PAD76", "B", 653.5335, -4674.923, 0],
		[173, "PAD77", "T", 653.5335, -4774.923, 0],
		[174, "PAD77", "B", 653.5335, -4774.923, 0],
		[175, "PAD78", "T", 283.8485, -4674.923, 0],
		[176, "PAD78", "B", 283.8485, -4674.923, 0],
		[177, "PAD79", "T", 283.8485, -4774.923, 0],
		[178, "PAD79", "B", 283.8485, -4774.923, 0],
		[179, "PAD80", "T", 1137.5375, -4674.923, 0],
		[180, "PAD80", "B", 1137.5375, -4674.923, 0],
		[181, "PAD81", "T", 1137.5375, -4774.923, 0],
		[182, "PAD81", "B", 1137.5375, -4774.923, 0],
		[183, "PAD82", "T", 1485, -3815, 0],
		[184, "PAD82", "B", 1485, -3815, 0],
		[185, "PAD83", "T", 1485, -3915, 0],
		[186, "PAD83", "B", 1485, -3915, 0],
		[187, "PAD84", "T", 653.5335, -4130.343, 0],
		[188, "PAD84", "B", 653.5335, -4130.343, 0],
		[189, "PAD85", "T", 653.5335, -4530.343, 0],
		[190, "PAD85", "B", 653.5335, -4530.343, 0],
		[191, "PAD86", "T", 283.8485, -4130.343, 0],
		[192, "PAD86", "B", 283.8485, -4130.343, 0],
		[193, "PAD87", "T", 283.8485, -4530.343, 0],
		[194, "PAD87", "B", 283.8485, -4530.343, 0],
		[195, "PAD88", "T", 1137.5375, -4130.343, 0],
		[196, "PAD88", "B", 1137.5375, -4130.343, 0],
		[197, "PAD89", "T", 1137.5375, -4530.343, 0],
		[198, "PAD89", "B", 1137.5375, -4530.343, 0],
		[199, "PAD90", "T", 1485, -4150, 0],
		[200, "PAD90", "B", 1485, -4150, 0],
		[201, "PAD91", "T", 1485, -4250, 0],
		[202, "PAD91", "B", 1485, -4250, 0],
		[203, "PAD92", "T", 1485, -4350, 0],
		[204, "PAD92", "B", 1485, -4350, 0],
		[205, "PAD93", "T", 1485, -4450, 0],
		[206, "PAD93", "B", 1485, -4450, 0],
		[207, "PAD94", "T", -1090, -4248.26, 0],
		[208, "PAD94", "B", -1090, -4248.26, 0]
	]
},
"pins": {
	"fields": ["PIN_NO", "PIN_NAME", "PIN_X", "PIN_Y", "LAYER", "PIN_TYPE", "NET_NAME", "NET_TYPE", "PAD_SHAPE", "PAD_SIZEX", "PAD_SIZEY", "HOLE_SIZE", "HOLE_LEN", "PAD_ANGLE"],
	"rows": [
		[1, "1)5V\n2)GND_1", -1091, -3609.52, "T", "DIP", "+5V", "", "R", 78.74, 78.74, 47.244, 47.244, 270],
		[2, "1)5V\n2)GND_1", -1091, -3609.52, "B", "DIP", "+5V", "", "R", 78.74, 78.74, 47.244, 47.244, 270],
		[3, "1)5V\n2)GND_2", -1091, -3709.52, "T", "DIP", "GND", "GND", "C", 78.74, 78.74, 47.244, 47.244, 270],
		[4, "1)5V\n2)GND_2", -1091, -3709.52, "B", "DIP", "GND", "GND", "C", 78.74, 78.74, 47.244, 47.244, 270],
		[5, "1)CLK\n2)CLR_1", -1091, -3928.39, "T", "DIP", "CLK", "", "R", 78.74, 78.74, 47.244, 47.244, 270],
		[6, "1)CLK\n2)CLR_1", -1091, -3928.39, "B", "DIP", "CLK", "", "R", 78.74, 78.74, 47.244, 47.244, 270],
		[7, "1)CLK\n2)CLR_2", -1091, -4028.39, "T", "DIP", "CLR", "", "C", 78.74, 78.74, 47.244, 47.244, 270],
		[8, "1)CLK\n2)CLR_2", -1091, -4028.39, "B", "DIP", "CLR", "", "C", 78.74, 78.74, 47.244, 47.244, 270],
		[9, "1K_1", 653.5335, -4130.343, "T", "DIP", "+5V", "", "C", 74, 74, 35.4, 35.4, 270],
		[10, "1K_1", 653.5335, -4130.343, "B", "DIP", "+5V", "", "C", 74, 74, 35.4, 35.4, 270],
		[11, "1K_2", 653.5335, -4530.343, "T", "DIP", "$1N1875", "", "C", 74, 74, 35.4, 35.4, 270],
		[12, "1K_2", 653.5335, -4530.343, "B", "DIP", "$1N1875", "", "C", 74, 74, 35.4, 35.4, 270],
		[13, "1K_1", 283.8485, -4130.343, "T", "DIP", "+5V", "", "C", 74, 74, 35.4, 35.4, 270],
		[14, "1K_1", 283.8485, -4130.343, "B", "DIP", "+5V", "", "C", 74, 74, 35.4, 35.4, 270],
		[15, "1K_2", 283.8485, -4530.343, "T", "DIP", "$1N1876", "", "C", 74, 74, 35.4, 35.4, 270],
		[16, "1K_2", 283.8485, -4530.343, "B", "DIP", "$1N1876", "", "C", 74, 74, 35.4, 35.4, 270],
		[17, "1K_1", 1137.5375, -4130.343, "T", "DIP", "+5V", "", "C", 74, 74, 35.4, 35.4, 270],
		[18, "1K_1", 1137.5375, -4130.343, "B", "DIP", "+5V", "", "C", 74, 74, 35.4, 35.4, 270],
		[19, "1K_2", 1137.5375, -4530.343, "T", "DIP", "$1N1885", "", "C", 74, 74, 35.4, 35.4, 270],
		[20, "1K_2", 1137.5375, -4530.343, "B", "DIP", "$1N1885", "", "C", 74, 74, 35.4, 35.4, 270],
		[21, "74LS157_1", -720, -3945, "T", "DIP", "MODE_1", "", "R", 78.74, 59.055, 35.434, 35.434, 90],
		[22, "74LS157_1", -720, -3945, "B", "DIP", "MODE_1", "", "R", 78.74, 59.055, 35.434, 35.434, 90],
		[23, "74LS157_2", -620, -3945, "T", "DIP", "A1", "", "O", 78.74, 59.055, 35.434, 35.434, 90],
		[24, "74LS157_2", -620, -3945, "B", "DIP", "A1", "", "O", 78.74, 59.055, 35.434, 35.434, 90],
		[25, "74LS157_3", -520, -3945, "T", "DIP", "$1N1782", "", "O", 78.74, 59.055, 35.434, 35.434, 90],
		[26, "74LS157_3", -520, -3945, "B", "DIP", "$1N1782", "", "O", 78.74, 59.055, 35.434, 35.434, 90],
		[27, "74LS157_4", -420, -3945, "T", "DIP", "$1N1788", "", "O", 78.74, 59.055, 35.434, 35.434, 90],
		[28, "74LS157_4", -420, -3945, "B", "DIP", "$1N1788", "", "O", 78.74, 59.055, 35.434, 35.434, 90],
		[29, "74LS157_5", -320, -3945, "T", "DIP", "A2", "", "O", 78.74, 59.055, 35.434, 35.434, 90],
		[30, "74LS157_5", -320, -3945, "B", "DIP", "A2", "", "O", 78.74, 59.055, 35.434, 35.434, 90],
		[31, "74LS157_6", -220, -3945, "T", "DIP", "$1N1781", "", "O", 78.74, 59.055, 35.434, 35.434, 90],
		[32, "74LS157_6", -220, -3945, "B", "DIP", "$1N1781", "", "O", 78.74, 59.055, 35.434, 35.434, 90],
		[33, "74LS157_7", -120, -3945, "T", "DIP", "$1N1796", "", "O", 78.74, 59.055, 35.434, 35.434, 90],
		[34, "74LS157_7", -120, -3945, "B", "DIP", "$1N1796", "", "O", 78.74, 59.055, 35.434, 35.434, 90],
		[35, "74LS157_8", -20, -3945, "T", "DIP", "GND", "GND", "O", 78.74, 59.055, 35.434, 35.434, 90],
		[36, "74LS157_8", -20, -3945, "B", "DIP", "GND", "GND", "O", 78.74, 59.055, 35.434, 35.434, 90],
		[37, "74LS157_9", -20, -3645, "T", "DIP", "$1N1804", "", "O", 78.74, 59.055, 35.434, 35.434, 90],
		[38, "74LS157_9", -20, -3645, "B", "DIP", "$1N1804", "", "O", 78.74, 59.055, 35.434, 35.434, 90],
		[39, "74LS157_10", -120, -3645, "T", "DIP", "$1N1780", "", "O", 78.74, 59.055, 35.434, 35.434, 90],
		[40, "74LS157_10", -120, -3645, "B", "DIP", "$1N1780", "", "O", 78.74, 59.055, 35.434, 35.434, 90],
		[41, "74LS157_11", -220, -3645, "T", "DIP", "A3", "", "O", 78.74, 59.055, 35.434, 35.434, 90],
		[42, "74LS157_11", -220, -3645, "B", "DIP", "A3", "", "O", 78.74, 59.055, 35.434, 35.434, 90],
		[43, "74LS157_12", -320, -3645, "T", "DIP", "$1N1814", "", "O", 78.74, 59.055, 35.434, 35.434, 90],
		[44, "74LS157_12", -320, -3645, "B", "DIP", "$1N1814", "", "O", 78.74, 59.055, 35.434, 35.434, 90],
		[45, "74LS157_13", -420, -3645, "T", "DIP", "$1N1783", "", "O", 78.74, 59.055, 35.434, 35.434, 90],
		[46, "74LS157_13", -420, -3645, "B", "DIP", "$1N1783", "", "O", 78.74, 59.055, 35.434, 35.434, 90],
		[47, "74LS157_14", -520, -3645, "T", "DIP", "A4", "", "O", 78.74, 59.055, 35.434, 35.434, 90],
		[48, "74LS157_14", -520, -3645, "B", "DIP", "A4", "", "O", 78.74, 59.055, 35.434, 35.434, 90],
		[49, "74LS157_15", -620, -3645, "T", "DIP", "GND", "GND", "O", 78.74, 59.055, 35.434, 35.434, 90],
		[50, "74LS157_15", -620, -3645, "B", "DIP", "GND", "GND", "O", 78.74, 59.055, 35.434, 35.434, 90],
		[51, "74LS157_16", -720, -3645, "T", "DIP", "+5V", "", "O", 78.74, 59.055, 35.434, 35.434, 90],
		[52, "74LS157_16", -720, -3645, "B", "DIP", "+5V", "", "O", 78.74, 59.055, 35.434, 35.434, 90],
		[53, "74LS173_1", -715.2658, -4619.531, "T", "DIP", "GND", "GND", "O", 56.693, 70.866, 31.496, 31.496, 0],
		[54, "74LS173_1", -715.2658, -4619.531, "B", "DIP", "GND", "GND", "O", 56.693, 70.866, 31.496, 31.496, 0],
		[55, "74LS173_2", -615.2658, -4619.531, "T", "DIP", "GND", "GND", "O", 56.693, 70.866, 31.496, 31.496, 0],
		[56, "74LS173_2", -615.2658, -4619.531, "B", "DIP", "GND", "GND", "O", 56.693, 70.866, 31.496, 31.496, 0],
		[57, "74LS173_3", -515.2658, -4619.531, "T", "DIP", "$1N1782", "", "O", 56.693, 70.866, 31.496, 31.496, 0],
		[58, "74LS173_3", -515.2658, -4619.531, "B", "DIP", "$1N1782", "", "O", 56.693, 70.866, 31.496, 31.496, 0],
		[59, "74LS173_4", -415.2658, -4619.531, "T", "DIP", "$1N1781", "", "O", 56.693, 70.866, 31.496, 31.496, 0],
		[60, "74LS173_4", -415.2658, -4619.531, "B", "DIP", "$1N1781", "", "O", 56.693, 70.866, 31.496, 31.496, 0],
		[61, "74LS173_5", -315.2658, -4619.531, "T", "DIP", "$1N1780", "", "O", 56.693, 70.866, 31.496, 31.496, 0],
		[62, "74LS173_5", -315.2658, -4619.531, "B", "DIP", "$1N1780", "", "O", 56.693, 70.866, 31.496, 31.496, 0],
		[63, "74LS173_6", -215.2658, -4619.531, "T", "DIP", "$1N1783", "", "O", 56.693, 70.866, 31.496, 31.496, 0],
		[64, "74LS173_6", -215.2658, -4619.531, "B", "DIP", "$1N1783", "", "O", 56.693, 70.866, 31.496, 31.496, 0],
		[65, "74LS173_7", -115.2658, -4619.531, "T", "DIP", "CLK", "", "O", 56.693, 70.866, 31.496, 31.496, 0],
		[66, "74LS173_7", -115.2658, -4619.531, "B", "DIP", "CLK", "", "O", 56.693, 70.866, 31.496, 31.496, 0],
		[67, "74LS173_8", -15.2658, -4619.531, "T", "DIP", "GND", "GND", "O", 56.693, 70.866, 31.496, 31.496, 0],
		[68, "74LS173_8", -15.2658, -4619.531, "B", "DIP", "GND", "GND", "O", 56.693, 70.866, 31.496, 31.496, 0],
		[69, "74LS173_9", -15.2658, -4306.931, "T", "DIP", "NET_1", "", "O", 56.693, 70.866, 31.496, 31.496, 0],
		[70, "74LS173_9", -15.2658, -4306.931, "B", "DIP", "NET_1", "", "O", 56.693, 70.866, 31.496, 31.496, 0],
		[71, "74LS173_10", -115.2658, -4306.931, "T", "DIP", "NET_1", "", "O", 56.693, 70.866, 31.496, 31.496, 0],
		[72, "74LS173_10", -115.2658, -4306.931, "B", "DIP", "NET_1", "", "O", 56.693, 70.866, 31.496, 31.496, 0],
		[73, "74LS173_11", -215.2658, -4306.931, "T", "DIP", "BUS_4", "", "O", 56.693, 70.866, 31.496, 31.496, 0],
		[74, "74LS173_11", -215.2658, -4306.931, "B", "DIP", "BUS_4", "", "O", 56.693, 70.866, 31.496, 31.496, 0],
		[75, "74LS173_12", -315.2658, -4306.931, "T", "DIP", "BUS_3", "", "O", 56.693, 70.866, 31.496, 31.496, 0],
		[76, "74LS173_12", -315.2658, -4306.931, "B", "DIP", "BUS_3", "", "O", 56.693, 70.866, 31.496, 31.496, 0],
		[77, "74LS173_13", -415.2658, -4306.931, "T", "DIP", "BUS_2", "", "O", 56.693, 70.866, 31.496, 31.496, 0],
		[78, "74LS173_13", -415.2658, -4306.931, "B", "DIP", "BUS_2", "", "O", 56.693, 70.866, 31.496, 31.496, 0],
		[79, "74LS173_14", -515.2658, -4306.931, "T", "DIP", "BUS_1", "", "O", 56.693, 70.866, 31.496, 31.496, 0],
		[80, "74LS173_14", -515.2658, -4306.931, "B", "DIP", "BUS_1", "", "O", 56.693, 70.866, 31.496, 31.496, 0],
		[81, "74LS173_15", -615.2658, -4306.931, "T", "DIP", "CLR", "", "O", 56.693, 70.866, 31.496, 31.496, 0],
		[82, "74LS173_15", -615.2658, -4306.931, "B", "DIP", "CLR", "", "O", 56.693, 70.866, 31.496, 31.496, 0],
		[83, "74LS173_16", -715.2658, -4306.931, "T", "DIP", "+5V", "", "O", 56.693, 70.866, 31.496, 31.496, 0],
		[84, "74LS173_16", -715.2658, -4306.931, "B", "DIP", "+5V", "", "O", 56.693, 70.866, 31.496, 31.496, 0],
		[85, "74LS174_1", -720, -5280, "T", "DIP", "MODE_2", "", "R", 78.74, 59.055, 35.434, 35.434, 90],
		[86, "74LS174_1", -720, -5280, "B", "DIP", "MODE_2", "", "R", 78.74, 59.055, 35.434, 35.434, 90],
		[87, "74LS174_2", -620, -5280, "T", "DIP", "$1N1788", "", "O", 78.74, 59.055, 35.434, 35.434, 90],
		[88, "74LS174_2", -620, -5280, "B", "DIP", "$1N1788", "", "O", 78.74, 59.055, 35.434, 35.434, 90],
		[89, "74LS174_3", -520, -5280, "T", "DIP", "C1", "", "O", 78.74, 59.055, 35.434, 35.434, 90],
		[90, "74LS174_3", -520, -5280, "B", "DIP", "C1", "", "O", 78.74, 59.055, 35.434, 35.434, 90],
		[91, "74LS174_4", -420, -5280, "T", "DIP", "Y1", "", "O", 78.74, 59.055, 35.434, 35.434, 90],
		[92, "74LS174_4", -420, -5280, "B", "DIP", "Y1", "", "O", 78.74, 59.055, 35.434, 35.434, 90],
		[93, "74LS174_5", -320, -5280, "T", "DIP", "$1N1796", "", "O", 78.74, 59.055, 35.434, 35.434, 90],
		[94, "74LS174_5", -320, -5280, "B", "DIP", "$1N1796", "", "O", 78.74, 59.055, 35.434, 35.434, 90],
		[95, "74LS174_6", -220, -5280, "T", "DIP", "C2", "", "O", 78.74, 59.055, 35.434, 35.434, 90],
		[96, "74LS174_6", -220, -5280, "B", "DIP", "C2", "", "O", 78.74, 59.055, 35.434, 35.434, 90],
		[97, "74LS174_7", -120, -5280, "T", "DIP", "Y2", "", "O", 78.74, 59.055, 35.434, 35.434, 90],
		[98, "74LS174_7", -120, -5280, "B", "DIP", "Y2", "", "O", 78.74, 59.055, 35.434, 35.434, 90],
		[99, "74LS174_8", -20, -5280, "T", "DIP", "GND", "GND", "O", 78.74, 59.055, 35.434, 35.434, 90],
		[100, "74LS174_8", -20, -5280, "B", "DIP", "GND", "GND", "O", 78.74, 59.055, 35.434, 35.434, 90],
		[101, "74LS174_9", -20, -4980, "T", "DIP", "Y3", "", "O", 78.74, 59.055, 35.434, 35.434, 90],
		[102, "74LS174_9", -20, -4980, "B", "DIP", "Y3", "", "O", 78.74, 59.055, 35.434, 35.434, 90],
		[103, "74LS174_10", -120, -4980, "T", "DIP", "C3", "", "O", 78.74, 59.055, 35.434, 35.434, 90],
		[104, "74LS174_10", -120, -4980, "B", "DIP", "C3", "", "O", 78.74, 59.055, 35.434, 35.434, 90],
		[105, "74LS174_11", -220, -4980, "T", "DIP", "$1N1804", "", "O", 78.74, 59.055, 35.434, 35.434, 90],
		[106, "74LS174_11", -220, -4980, "B", "DIP", "$1N1804", "", "O", 78.74, 59.055, 35.434, 35.434, 90],
		[107, "74LS174_12", -320, -4980, "T", "DIP", "Y4", "", "O", 78.74, 59.055, 35.434, 35.434, 90],
		[108, "74LS174_12", -320, -4980, "B", "DIP", "Y4", "", "O", 78.74, 59.055, 35.434, 35.434, 90],
		[109, "74LS174_13", -420, -4980, "T", "DIP", "C4", "", "O", 78.74, 59.055, 35.434, 35.434, 90],
		[110, "74LS174_13", -420, -4980, "B", "DIP", "C4", "", "O", 78.74, 59.055, 35.434, 35.434, 90],
		[111, "74LS174_14", -520, -4980, "T", "DIP", "$1N1814", "", "O", 78.74, 59.055, 35.434, 35.434, 90],
		[112, "74LS174_14", -520, -4980, "B", "DIP", "$1N1814", "", "O", 78.74, 59.055, 35.434, 35.434, 90],
		[113, "74LS174_15", -620, -4980, "T", "DIP", "GND", "GND", "O", 78.74, 59.055, 35.434, 35.434, 90],
		[114, "74LS174_15", -620, -4980, "B", "DIP", "GND", "GND", "O", 78.74, 59.055, 35.434, 35.434, 90],
		[115, "74LS174_16", -720, -4980, "T", "DIP", "+5V", "", "O", 78.74, 59.055, 35.434, 35.434, 90],
		[116, "74LS174_16", -720, -4980, "B", "DIP", "+5V", "", "O", 78.74, 59.055, 35.434, 35.434, 90],
		[117, "100nF_1", 395, -3885, "T", "DIP", "+5V", "", "C", 70.866, 70.866, 47.244, 47.244, 90],
		[118, "100nF_1", 395, -3885, "B", "DIP", "+5V", "", "C", 70.866, 70.866, 47.244, 47.244, 90],
		[119, "100nF_2", 395, -3685, "T", "DIP", "GND", "GND", "C", 70.866, 70.866, 47.244, 47.244, 90],
		[120, "100nF_2", 395, -3685, "B", "DIP", "GND", "GND", "C", 70.866, 70.866, 47.244, 47.244, 90],
		[121, "(A_B)_C_1", 954.96, -5165, "T", "DIP", "NET_2", "", "R", 70.866, 118.11, 47.244, 98.425, 0],
		[122, "(A_B)_C_1", 954.96, -5165, "B", "DIP", "NET_2", "", "R", 70.866, 118.11, 47.244, 98.425, 0],
		[123, "(A_B)_C_2", 1140, -5165, "T", "DIP", "GND", "GND", "O", 70.866, 118.11, 47.244, 98.425, 0],
		[124, "(A_B)_C_2", 1140, -5165, "B", "DIP", "GND", "GND", "O", 70.866, 118.11, 47.244, 98.425, 0],
		[125, "(A_B)_C_3", 1325.04, -5165, "T", "DIP", "MODE_2", "", "O", 70.866, 118.11, 47.244, 98.425, 0],
		[126, "(A_B)_C_3", 1325.04, -5165, "B", "DIP", "MODE_2", "", "O", 70.866, 118.11, 47.244, 98.425, 0],
		[127, "~RAM_ADR_IN_1", -1090, -4248.26, "T", "DIP", "NET_1", "", "R", 66.929, 66.929, 43.308, 43.308, 0],
		[128, "~RAM_ADR_IN_1", -1090, -4248.26, "B", "DIP", "NET_1", "", "R", 66.929, 66.929, 43.308, 43.308, 0],
		[129, "A_B_1", 284.96, -5165, "T", "DIP", "$1N1887", "", "R", 70.866, 118.11, 47.244, 98.425, 0],
		[130, "A_B_1", 284.96, -5165, "B", "DIP", "$1N1887", "", "R", 70.866, 118.11, 47.244, 98.425, 0],
		[131, "A_B_2", 470, -5165, "T", "DIP", "GND", "GND", "O", 70.866, 118.11, 47.244, 98.425, 0],
		[132, "A_B_2", 470, -5165, "B", "DIP", "GND", "GND", "O", 70.866, 118.11, 47.244, 98.425, 0],
		[133, "A_B_3", 655.04, -5165, "T", "DIP", "MODE_1", "", "O", 70.866, 118.11, 47.244, 98.425, 0],
		[134, "A_B_3", 655.04, -5165, "B", "DIP", "MODE_1", "", "O", 70.866, 118.11, 47.244, 98.425, 0],
		[135, "BUS_1", -1090, -4469.13, "T", "DIP", "BUS_1", "", "R", 66.929, 66.929, 43.308, 43.308, 270],
		[136, "BUS_1", -1090, -4469.13, "B", "DIP", "BUS_1", "", "R", 66.929, 66.929, 43.308, 43.308, 270],
		[137, "BUS_2", -1090, -4569.13, "T", "DIP", "BUS_2", "", "C", 66.929, 66.929, 43.308, 43.308, 270],
		[138, "BUS_2", -1090, -4569.13, "B", "DIP", "BUS_2", "", "C", 66.929, 66.929, 43.308, 43.308, 270],
		[139, "BUS_3", -1090, -4669.13, "T", "DIP", "BUS_3", "", "C", 66.929, 66.929, 43.308, 43.308, 270],
		[140, "BUS_3", -1090, -4669.13, "B", "DIP", "BUS_3", "", "C", 66.929, 66.929, 43.308, 43.308, 270],
		[141, "BUS_4", -1090, -4769.13, "T", "DIP", "BUS_4", "", "C", 66.929, 66.929, 43.308, 43.308, 270],
		[142, "BUS_4", -1090, -4769.13, "B", "DIP", "BUS_4", "", "C", 66.929, 66.929, 43.308, 43.308, 270],
		[143, "COM_1", -1090, -4990, "T", "DIP", "C1", "", "R", 66.929, 66.929, 43.308, 43.308, 270],
		[144, "COM_1", -1090, -4990, "B", "DIP", "C1", "", "R", 66.929, 66.929, 43.308, 43.308, 270],
		[145, "COM_2", -1090, -5090, "T", "DIP", "C2", "", "C", 66.929, 66.929, 43.308, 43.308, 270],
		[146, "COM_2", -1090, -5090, "B", "DIP", "C2", "", "C", 66.929, 66.929, 43.308, 43.308, 270],
		[147, "COM_3", -1090, -5190, "T", "DIP", "C3", "", "C", 66.929, 66.929, 43.308, 43.308, 270],
		[148, "COM_3", -1090, -5190, "B", "DIP", "C3", "", "C", 66.929, 66.929, 43.308, 43.308, 270],
		[149, "COM_4", -1090, -5290, "T", "DIP", "C4", "", "C", 66.929, 66.929, 43.308, 43.308, 270],
		[150, "COM_4", -1090, -5290, "B", "DIP", "C4", "", "C", 66.929, 66.929, 43.308, 43.308, 270],
		[151, "DIP_1", 1090, -3650, "T", "DIP", "A1", "", "C", 62.992, 62.992, 39.37, 39.37, 270],
		[152, "DIP_1", 1090, -3650, "B", "DIP", "A1", "", "C", 62.992, 62.992, 39.37, 39.37, 270],
		[153, "DIP_2", 990, -3650, "T", "DIP", "A2", "", "C", 62.992, 62.992, 39.37, 39.37, 270],
		[154, "DIP_2", 990, -3650, "B", "DIP", "A2", "", "C", 62.992, 62.992, 39.37, 39.37, 270],
		[155, "DIP_3", 890, -3650, "T", "DIP", "A3", "", "C", 62.992, 62.992, 39.37, 39.37, 270],
		[156, "DIP_3", 890, -3650, "B", "DIP", "A3", "", "C", 62.992, 62.992, 39.37, 39.37, 270],
		[157, "DIP_4", 790, -3650, "T", "DIP", "A4", "", "C", 62.992, 62.992, 39.37, 39.37, 270],
		[158, "DIP_4", 790, -3650, "B", "DIP", "A4", "", "C", 62.992, 62.992, 39.37, 39.37, 270],
		[159, "DIP_5", 790, -3950, "T", "DIP", "GND", "GND", "C", 62.992, 62.992, 39.37, 39.37, 270],
		[160, "DIP_5", 790, -3950, "B", "DIP", "GND", "GND", "C", 62.992, 62.992, 39.37, 39.37, 270],
		[161, "DIP_6", 890, -3950, "T", "DIP", "GND", "GND", "C", 62.992, 62.992, 39.37, 39.37, 270],
		[162, "DIP_6", 890, -3950, "B", "DIP", "GND", "GND", "C", 62.992, 62.992, 39.37, 39.37, 270],
		[163, "DIP_7", 990, -3950, "T", "DIP", "GND", "GND", "C", 62.992, 62.992, 39.37, 39.37, 270],
		[164, "DIP_7", 990, -3950, "B", "DIP", "GND", "GND", "C", 62.992, 62.992, 39.37, 39.37, 270],
		[165, "DIP_8", 1090, -3950, "T", "DIP", "GND", "GND", "C", 62.992, 62.992, 39.37, 39.37, 270],
		[166, "DIP_8", 1090, -3950, "B", "DIP", "GND", "GND", "C", 62.992, 62.992, 39.37, 39.37, 270],
		[167, "LED_A_1", 653.5335, -4674.923, "T", "DIP", "$1N1875", "", "R", 62.992, 62.992, 39.37, 39.37, 270],
		[168, "LED_A_1", 653.5335, -4674.923, "B", "DIP", "$1N1875", "", "R", 62.992, 62.992, 39.37, 39.37, 270],
		[169, "LED_A_2", 653.5335, -4774.923, "T", "DIP", "MODE_1", "", "C", 62.992, 62.992, 39.37, 39.37, 270],
		[170, "LED_A_2", 653.5335, -4774.923, "B", "DIP", "MODE_1", "", "C", 62.992, 62.992, 39.37, 39.37, 270],
		[171, "LED_B_1", 283.8485, -4674.923, "T", "DIP", "$1N1876", "", "R", 62.992, 62.992, 39.37, 39.37, 270],
		[172, "LED_B_1", 283.8485, -4674.923, "B", "DIP", "$1N1876", "", "R", 62.992, 62.992, 39.37, 39.37, 270],
		[173, "LED_B_2", 283.8485, -4774.923, "T", "DIP", "$1N1887", "", "C", 62.992, 62.992, 39.37, 39.37, 270],
		[174, "LED_B_2", 283.8485, -4774.923, "B", "DIP", "$1N1887", "", "C", 62.992, 62.992, 39.37, 39.37, 270],
		[175, "LED_C_1", 1137.5375, -4674.923, "T", "DIP", "$1N1885", "", "R", 62.992, 62.992, 39.37, 39.37, 270],
		[176, "LED_C_1", 1137.5375, -4674.923, "B", "DIP", "$1N1885", "", "R", 62.992, 62.992, 39.37, 39.37, 270],
		[177, "LED_C_2", 1137.5375, -4774.923, "T", "DIP", "MODE_2", "", "C", 62.992, 62.992, 39.37, 39.37, 270],
		[178, "LED_C_2", 1137.5375, -4774.923, "B", "DIP", "MODE_2", "", "C", 62.992, 62.992, 39.37, 39.37, 270],
		[179, "MODE_1", 1485, -3815, "T", "DIP", "MODE_1", "", "R", 78.74, 78.74, 47.244, 47.244, 270],
		[180, "MODE_1", 1485, -3815, "B", "DIP", "MODE_1", "", "R", 78.74, 78.74, 47.244, 47.244, 270],
		[181, "MODE_2", 1485, -3915, "T", "DIP", "MODE_2", "", "C", 78.74, 78.74, 47.244, 47.244, 270],
		[182, "MODE_2", 1485, -3915, "B", "DIP", "MODE_2", "", "C", 78.74, 78.74, 47.244, 47.244, 270],
		[183, "Y_1", 1485, -4150, "T", "DIP", "Y1", "", "R", 66.929, 66.929, 43.308, 43.308, 270],
		[184, "Y_1", 1485, -4150, "B", "DIP", "Y1", "", "R", 66.929, 66.929, 43.308, 43.308, 270],
		[185, "Y_2", 1485, -4250, "T", "DIP", "Y2", "", "C", 66.929, 66.929, 43.308, 43.308, 270],
		[186, "Y_2", 1485, -4250, "B", "DIP", "Y2", "", "C", 66.929, 66.929, 43.308, 43.308, 270],
		[187, "Y_3", 1485, -4350, "T", "DIP", "Y3", "", "C", 66.929, 66.929, 43.308, 43.308, 270],
		[188, "Y_3", 1485, -4350, "B", "DIP", "Y3", "", "C", 66.929, 66.929, 43.308, 43.308, 270],
		[189, "Y_4", 1485, -4450, "T", "DIP", "Y4", "", "C", 66.929, 66.929, 43.308, 43.308, 270],
		[190, "Y_4", 1485, -4450, "B", "DIP", "Y4", "", "C", 66.929, 66.929, 43.308, 43.308, 270],
		[191, "PAD1_1", -1091, -3609.52, "T", "DIP", "+5V", "", "R", 78.74, 78.74, 47.244, 47.244, 270],
		[192, "PAD1_1", -1091, -3609.52, "B", "DIP", "+5V", "", "R", 78.74, 78.74, 47.244, 47.244, 270],
		[193, "PAD2_2", -1091, -3709.52, "T", "DIP", "GND", "GND", "C", 78.74, 78.74, 47.244, 47.244, 270],
		[194, "PAD2_2", -1091, -3709.52, "B", "DIP", "GND", "GND", "C", 78.74, 78.74, 47.244, 47.244, 270],
		[195, "PAD3_1", -1091, -3928.39, "T", "DIP", "CLK", "", "R", 78.74, 78.74, 47.244, 47.244, 270],
		[196, "PAD3_1", -1091, -3928.39, "B", "DIP", "CLK", "", "R", 78.74, 78.74, 47.244, 47.244, 270],
		[197, "PAD4_2", -1091, -4028.39, "T", "DIP", "CLR", "", "C", 78.74, 78.74, 47.244, 47.244, 270],
		[198, "PAD4_2", -1091, -4028.39, "B", "DIP", "CLR", "", "C", 78.74, 78.74, 47.244, 47.244, 270],
		[199, "PAD5_9", -20, -3645, "T", "DIP", "$1N1804", "", "O", 78.74, 59.055, 35.434, 35.434, 90],
		[200, "PAD5_9", -20, -3645, "B", "DIP", "$1N1804", "", "O", 78.74, 59.055, 35.434, 35.434, 90],
		[201, "PAD6_10", -120, -3645, "T", "DIP", "$1N1780", "", "O", 78.74, 59.055, 35.434, 35.434, 90],
		[202, "PAD6_10", -120, -3645, "B", "DIP", "$1N1780", "", "O", 78.74, 59.055, 35.434, 35.434, 90],
		[203, "PAD7_11", -220, -3645, "T", "DIP", "A3", "", "O", 78.74, 59.055, 35.434, 35.434, 90],
		[204, "PAD7_11", -220, -3645, "B", "DIP", "A3", "", "O", 78.74, 59.055, 35.434, 35.434, 90],
		[205, "PAD8_12", -320, -3645, "T", "DIP", "$1N1814", "", "O", 78.74, 59.055, 35.434, 35.434, 90],
		[206, "PAD8_12", -320, -3645, "B", "DIP", "$1N1814", "", "O", 78.74, 59.055, 35.434, 35.434, 90],
		[207, "PAD9_13", -420, -3645, "T", "DIP", "$1N1783", "", "O", 78.74, 59.055, 35.434, 35.434, 90],
		[208, "PAD9_13", -420, -3645, "B", "DIP", "$1N1783", "", "O", 78.74, 59.055, 35.434, 35.434, 90],
		[209, "PAD10_14", -520, -3645, "T", "DIP", "A4", "", "O", 78.74, 59.055, 35.434, 35.434, 90],
		[210, "PAD10_14", -520, -3645, "B", "DIP", "A4", "", "O", 78.74, 59.055, 35.434, 35.434, 90],
		[211, "PAD11_15", -620, -3645, "T", "DIP", "GND", "GND", "O", 78.74, 59.055, 35.434, 35.434, 90],
		[212, "PAD11_15", -620, -3645, "B", "DIP", "GND", "GND", "O", 78.74, 59.055, 35.434, 35.434, 90],
		[213, "PAD12_16", -720, -3645, "T", "DIP", "+5V", "", "O", 78.74, 59.055, 35.434, 35.434, 90],
		[214, "PAD12_16", -720, -3645, "B", "DIP", "+5V", "", "O", 78.74, 59.055, 35.434, 35.434, 90],
		[215, "PAD13_8", -20, -3945, "T", "DIP", "GND", "GND", "O", 78.74, 59.055, 35.434, 35.434, 90],
		[216, "PAD13_8", -20, -3945, "B", "DIP", "GND", "GND", "O", 78.74, 59.055, 35.434, 35.434, 90],
		[217, "PAD14_7", -120, -3945, "T", "DIP", "$1N1796", "", "O", 78.74, 59.055, 35.434, 35.434, 90],
		[218, "PAD14_7", -120, -3945, "B", "DIP", "$1N1796", "", "O", 78.74, 59.055, 35.434, 35.434, 90],
		[219, "PAD15_6", -220, -3945, "T", "DIP", "$1N1781", "", "O", 78.74, 59.055, 35.434, 35.434, 90],
		[220, "PAD15_6", -220, -3945, "B", "DIP", "$1N1781", "", "O", 78.74, 59.055, 35.434, 35.434, 90],
		[221, "PAD16_5", -320, -3945, "T", "DIP", "A2", "", "O", 78.74, 59.055, 35.434, 35.434, 90],
		[222, "PAD16_5", -320, -3945, "B", "DIP", "A2", "", "O", 78.74, 59.055, 35.434, 35.434, 90],
		[223, "PAD17_4", -420, -3945, "T", "DIP", "$1N1788", "", "O", 78.74, 59.055, 35.434, 35.434, 90],
		[224, "PAD17_4", -420, -3945, "B", "DIP", "$1N1788", "", "O", 78.74, 59.055, 35.434, 35.434, 90],
		[225, "PAD18_3", -520, -3945, "T", "DIP", "$1N1782", "", "O", 78.74, 59.055, 35.434, 35.434, 90],
		[226, "PAD18_3", -520, -3945, "B", "DIP", "$1N1782", "", "O", 78.74, 59.055, 35.434, 35.434, 90],
		[227, "PAD19_2", -620, -3945, "T", "DIP", "A1", "", "O", 78.74, 59.055, 35.434, 35.434, 90],
		[228, "PAD19_2", -620, -3945, "B", "DIP", "A1", "", "O", 78.74, 59.055, 35.434, 35.434, 90],
		[229, "PAD20_1", -720, -3945, "T", "DIP", "MODE_1", "", "R", 78.74, 59.055, 35.434, 35.434, 90],
		[230, "PAD20_1", -720, -3945, "B", "DIP", "MODE_1", "", "R", 78.74, 59.055, 35.434, 35.434, 90],
		[231, "PAD21_1", -715.2658, -4619.531, "T", "DIP", "GND", "GND", "O", 56.693, 70.866, 31.496, 31.496, 0],
		[232, "PAD21_1", -715.2658, -4619.531, "B", "DIP", "GND", "GND", "O", 56.693, 70.866, 31.496, 31.496, 0],
		[233, "PAD22_16", -715.2658, -4306.931, "T", "DIP", "+5V", "", "O", 56.693, 70.866, 31.496, 31.496, 0],
		[234, "PAD22_16", -715.2658, -4306.931, "B", "DIP", "+5V", "", "O", 56.693, 70.866, 31.496, 31.496, 0],
		[235, "PAD23_2", -615.2658, -4619.531, "T", "DIP", "GND", "GND", "O", 56.693, 70.866, 31.496, 31.496, 0],
		[236, "PAD23_2", -615.2658, -4619.531, "B", "DIP", "GND", "GND", "O", 56.693, 70.866, 31.496, 31.496, 0],
		[237, "PAD24_15", -615.2658, -4306.931, "T", "DIP", "CLR", "", "O", 56.693, 70.866, 31.496, 31.496, 0],
		[238, "PAD24_15", -615.2658, -4306.931, "B", "DIP", "CLR", "", "O", 56.693, 70.866, 31.496, 31.496, 0],
		[239, "PAD25_3", -515.2658, -4619.531, "T", "DIP", "$1N1782", "", "O", 56.693, 70.866, 31.496, 31.496, 0],
		[240, "PAD25_3", -515.2658, -4619.531, "B", "DIP", "$1N1782", "", "O", 56.693, 70.866, 31.496, 31.496, 0],
		[241, "PAD26_14", -515.2658, -4306.931, "T", "DIP", "BUS_1", "", "O", 56.693, 70.866, 31.496, 31.496, 0],
		[242, "PAD26_14", -515.2658, -4306.931, "B", "DIP", "BUS_1", "", "O", 56.693, 70.866, 31.496, 31.496, 0],
		[243, "PAD27_4", -415.2658, -4619.531, "T", "DIP", "$1N1781", "", "O", 56.693, 70.866, 31.496, 31.496, 0],
		[244, "PAD27_4", -415.2658, -4619.531, "B", "DIP", "$1N1781", "", "O", 56.693, 70.866, 31.496, 31.496, 0],
		[245, "PAD28_13", -415.2658, -4306.931, "T", "DIP", "BUS_2", "", "O", 56.693, 70.866, 31.496, 31.496, 0],
		[246, "PAD28_13", -415.2658, -4306.931, "B", "DIP", "BUS_2", "", "O", 56.693, 70.866, 31.496, 31.496, 0],
		[247, "PAD29_5", -315.2658, -4619.531, "T", "DIP", "$1N1780", "", "O", 56.693, 70.866, 31.496, 31.496, 0],
		[248, "PAD29_5", -315.2658, -4619.531, "B", "DIP", "$1N1780", "", "O", 56.693, 70.866, 31.496, 31.496, 0],
		[249, "PAD30_12", -315.2658, -4306.931, "T", "DIP", "BUS_3", "", "O", 56.693, 70.866, 31.496, 31.496, 0],
		[250, "PAD30_12", -315.2658, -4306.931, "B", "DIP", "BUS_3", "", "O", 56.693, 70.866, 31.496, 31.496, 0],
		[251, "PAD31_6", -215.2658, -4619.531, "T", "DIP", "$1N1783", "", "O", 56.693, 70.866, 31.496, 31.496, 0],
		[252, "PAD31_6", -215.2658, -4619.531, "B", "DIP", "$1N1783", "", "O", 56.693, 70.866, 31.496, 31.496, 0],
		[253, "PAD32_11", -215.2658, -4306.931, "T", "DIP", "BUS_4", "", "O", 56.693, 70.866, 31.496, 31.496, 0],
		[254, "PAD32_11", -215.2658, -4306.931, "B", "DIP", "BUS_4", "", "O", 56.693, 70.866, 31.496, 31.496, 0],
		[255, "PAD33_7", -115.2658, -4619.531, "T", "DIP", "CLK", "", "O", 56.693, 70.866, 31.496, 31.496, 0],
		[256, "PAD33_7", -115.2658, -4619.531, "B", "DIP", "CLK", "", "O", 56.693, 70.866, 31.496, 31.496, 0],
		[257, "PAD34_10", -115.2658, -4306.931, "T", "DIP", "NET_1", "", "O", 56.693, 70.866, 31.496, 31.496, 0],
		[258, "PAD34_10", -115.2658, -4306.931, "B", "DIP", "NET_1", "", "O", 56.693, 70.866, 31.496, 31.496, 0],
		[259, "PAD35_8", -15.2658, -4619.531, "T", "DIP", "GND", "GND", "O", 56.693, 70.866, 31.496, 31.496, 0],
		[260, "PAD35_8", -15.2658, -4619.531, "B", "DIP", "GND", "GND", "O", 56.693, 70.866, 31.496, 31.496, 0],
		[261, "PAD36_9", -15.2658, -4306.931, "T", "DIP", "NET_1", "", "O", 56.693, 70.866, 31.496, 31.496, 0],
		[262, "PAD36_9", -15.2658, -4306.931, "B", "DIP", "NET_1", "", "O", 56.693, 70.866, 31.496, 31.496, 0],
		[263, "PAD37_9", -20, -4980, "T", "DIP", "Y3", "", "O", 78.74, 59.055, 35.434, 35.434, 90],
		[264, "PAD37_9", -20, -4980, "B", "DIP", "Y3", "", "O", 78.74, 59.055, 35.434, 35.434, 90],
		[265, "PAD38_10", -120, -4980, "T", "DIP", "C3", "", "O", 78.74, 59.055, 35.434, 35.434, 90],
		[266, "PAD38_10", -120, -4980, "B", "DIP", "C3", "", "O", 78.74, 59.055, 35.434, 35.434, 90],
		[267, "PAD39_11", -220, -4980, "T", "DIP", "$1N1804", "", "O", 78.74, 59.055, 35.434, 35.434, 90],
		[268, "PAD39_11", -220, -4980, "B", "DIP", "$1N1804", "", "O", 78.74, 59.055, 35.434, 35.434, 90],
		[269, "PAD40_12", -320, -4980, "T", "DIP", "Y4", "", "O", 78.74, 59.055, 35.434, 35.434, 90],
		[270, "PAD40_12", -320, -4980, "B", "DIP", "Y4", "", "O", 78.74, 59.055, 35.434, 35.434, 90],
		[271, "PAD41_13", -420, -4980, "T", "DIP", "C4", "", "O", 78.74, 59.055, 35.434, 35.434, 90],
		[272, "PAD41_13", -420, -4980, "B", "DIP", "C4", "", "O", 78.74, 59.055, 35.434, 35.434, 90],
		[273, "PAD42_14", -520, -4980, "T", "DIP", "$1N1814", "", "O", 78.74, 59.055, 35.434, 35.434, 90],
		[274, "PAD42_14", -520, -4980, "B", "DIP", "$1N1814", "", "O", 78.74, 59.055, 35.434, 35.434, 90],
		[275, "PAD43_15", -620, -4980, "T", "DIP", "GND", "GND", "O", 78.74, 59.055, 35.434, 35.434, 90],
		[276, "PAD43_15", -620, -4980, "B", "DIP", "GND", "GND", "O", 78.74, 59.055, 35.434, 35.434, 90],
		[277, "PAD44_16", -720, -4980, "T", "DIP", "+5V", "", "O", 78.74, 59.055, 35.434, 35.434, 90],
		[278, "PAD44_16", -720, -4980, "B", "DIP", "+5V", "", "O", 78.74, 59.055, 35.434, 35.434, 90],
		[279, "PAD45_8", -20, -5280, "T", "DIP", "GND", "GND", "O", 78.74, 59.055, 35.434, 35.434, 90],
		[280, "PAD45_8", -20, -5280, "B", "DIP", "GND", "GND", "O", 78.74, 59.055, 35.434, 35.434, 90],
		[281, "PAD46_7", -120, -5280, "T", "DIP", "Y2", "", "O", 78.74, 59.055, 35.434, 35.434, 90],
		[282, "PAD46_7", -120, -5280, "B", "DIP", "Y2", "", "O", 78.74, 59.055, 35.434, 35.434, 90],
		[283, "PAD47_6", -220, -5280, "T", "DIP", "C2", "", "O", 78.74, 59.055, 35.434, 35.434, 90],
		[284, "PAD47_6", -220, -5280, "B", "DIP", "C2", "", "O", 78.74, 59.055, 35.434, 35.434, 90],
		[285, "PAD48_5", -320, -5280, "T", "DIP", "$1N1796", "", "O", 78.74, 59.055, 35.434, 35.434, 90],
		[286, "PAD48_5", -320, -5280, "B", "DIP", "$1N1796", "", "O", 78.74, 59.055, 35.434, 35.434, 90],
		[287, "PAD49_4", -420, -5280, "T", "DIP", "Y1", "", "O", 78.74, 59.055, 35.434, 35.434, 90],
		[288, "PAD49_4", -420, -5280, "B", "DIP", "Y1", "", "O", 78.74, 59.055, 35.434, 35.434, 90],
		[289, "PAD50_3", -520, -5280, "T", "DIP", "C1", "", "O", 78.74, 59.055, 35.434, 35.434, 90],
		[290, "PAD50_3", -520, -5280, "B", "DIP", "C1", "", "O", 78.74, 59.055, 35.434, 35.434, 90],
		[291, "PAD51_2", -620, -5280, "T", "DIP", "$1N1788", "", "O", 78.74, 59.055, 35.434, 35.434, 90],
		[292, "PAD51_2", -620, -5280, "B", "DIP", "$1N1788", "", "O", 78.74, 59.055, 35.434, 35.434, 90],
		[293, "PAD52_1", -720, -5280, "T", "DIP", "MODE_2", "", "R", 78.74, 59.055, 35.434, 35.434, 90],
		[294, "PAD52_1", -720, -5280, "B", "DIP", "MODE_2", "", "R", 78.74, 59.055, 35.434, 35.434, 90],
		[295, "PAD53_1", 395, -3885, "T", "DIP", "+5V", "", "C", 70.866, 70.866, 47.244, 47.244, 90],
		[296, "PAD53_1", 395, -3885, "B", "DIP", "+5V", "", "C", 70.866, 70.866, 47.244, 47.244, 90],
		[297, "PAD54_2", 395, -3685, "T", "DIP", "GND", "GND", "C", 70.866, 70.866, 47.244, 47.244, 90],
		[298, "PAD54_2", 395, -3685, "B", "DIP", "GND", "GND", "C", 70.866, 70.866, 47.244, 47.244, 90],
		[299, "PAD55_2", 1140, -5165, "T", "DIP", "GND", "GND", "O", 70.866, 118.11, 47.244, 98.425, 0],
		[300, "PAD55_2", 1140, -5165, "B", "DIP", "GND", "GND", "O", 70.866, 118.11, 47.244, 98.425, 0],
		[301, "PAD56_3", 1325.04, -5165, "T", "DIP", "MODE_2", "", "O", 70.866, 118.11, 47.244, 98.425, 0],
		[302, "PAD56_3", 1325.04, -5165, "B", "DIP", "MODE_2", "", "O", 70.866, 118.11, 47.244, 98.425, 0],
		[303, "PAD57_1", 284.96, -5165, "T", "DIP", "$1N1887", "", "R", 70.866, 118.11, 47.244, 98.425, 0],
		[304, "PAD57_1", 284.96, -5165, "B", "DIP", "$1N1887", "", "R", 70.866, 118.11, 47.244, 98.425, 0],
		[305, "PAD58_2", 470, -5165, "T", "DIP", "GND", "GND", "O", 70.866, 118.11, 47.244, 98.425, 0],
		[306, "PAD58_2", 470, -5165, "B", "DIP", "GND", "GND", "O", 70.866, 118.11, 47.244, 98.425, 0],
		[307, "PAD59_3", 655.04, -5165, "T", "DIP", "MODE_1", "", "O", 70.866, 118.11, 47.244, 98.425, 0],
		[308, "PAD59_3", 655.04, -5165, "B", "DIP", "MODE_1", "", "O", 70.866, 118.11, 47.244, 98.425, 0],
		[309, "PAD60_1", -1090, -4469.13, "T", "DIP", "BUS_1", "", "R", 66.929, 66.929, 43.308, 43.308, 270],
		[310, "PAD60_1", -1090, -4469.13, "B", "DIP", "BUS_1", "", "R", 66.929, 66.929, 43.308, 43.308, 270],
		[311, "PAD61_2", -1090, -4569.13, "T", "DIP", "BUS_2", "", "C", 66.929, 66.929, 43.308, 43.308, 270],
		[312, "PAD61_2", -1090, -4569.13, "B", "DIP", "BUS_2", "", "C", 66.929, 66.929, 43.308, 43.308, 270],
		[313, "PAD62_3", -1090, -4669.13, "T", "DIP", "BUS_3", "", "C", 66.929, 66.929, 43.308, 43.308, 270],
		[314, "PAD62_3", -1090, -4669.13, "B", "DIP", "BUS_3", "", "C", 66.929, 66.929, 43.308, 43.308, 270],
		[315, "PAD63_4", -1090, -4769.13, "T", "DIP", "BUS_4", "", "C", 66.929, 66.929, 43.308, 43.308, 270],
		[316, "PAD63_4", -1090, -4769.13, "B", "DIP", "BUS_4", "", "C", 66.929, 66.929, 43.308, 43.308, 270],
		[317, "PAD64_1", -1090, -4990, "T", "DIP", "C1", "", "R", 66.929, 66.929, 43.308, 43.308, 270],
		[318, "PAD64_1", -1090, -4990, "B", "DIP", "C1", "", "R", 66.929, 66.929, 43.308, 43.308, 270],
		[319, "PAD65_2", -1090, -5090, "T", "DIP", "C2", "", "C", 66.929, 66.929, 43.308, 43.308, 270],
		[320, "PAD65_2", -1090, -5090, "B", "DIP", "C2", "", "C", 66.929, 66.929, 43.308, 43.308, 270],
		[321, "PAD66_3", -1090, -5190, "T", "DIP", "C3", "", "C", 66.929, 66.929, 43.308, 43.308, 270],
		[322, "PAD66_3", -1090, -5190, "B", "DIP", "C3", "", "C", 66.929, 66.929, 43.308, 43.308, 270],
		[323, "PAD67_4", -1090, -5290, "T", "DIP", "C4", "", "C", 66.929, 66.929, 43.308, 43.308, 270],
		[324, "PAD67_4", -1090, -5290, "B", "DIP", "C4", "", "C", 66.929, 66.929, 43.308, 43.308, 270],
		[325, "PAD68_4", 790, -3650, "T", "DIP", "A4", "", "C", 62.992, 62.992, 39.37, 39.37, 270],
		[326, "PAD68_4", 790, -3650, "B", "DIP", "A4", "", "C", 62.992, 62.992, 39.37, 39.37, 270],
		[327, "PAD69_5", 790, -3950, "T", "DIP", "GND", "GND", "C", 62.992, 62.992, 39.37, 39.37, 270],
		[328, "PAD69_5", 790, -3950, "B", "DIP", "GND", "GND", "C", 62.992, 62.992, 39.37, 39.37, 270],
		[329, "PAD70_3", 890, -3650, "T", "DIP", "A3", "", "C", 62.992, 62.992, 39.37, 39.37, 270],
		[330, "PAD70_3", 890, -3650, "B", "DIP", "A3", "", "C", 62.992, 62.992, 39.37, 39.37, 270],
		[331, "PAD71_6", 890, -3950, "T", "DIP", "GND", "GND", "C", 62.992, 62.992, 39.37, 39.37, 270],
		[332, "PAD71_6", 890, -3950, "B", "DIP", "GND", "GND", "C", 62.992, 62.992, 39.37, 39.37, 270],
		[333, "PAD72_1", 1090, -3650, "T", "DIP", "A1", "", "C", 62.992, 62.992, 39.37, 39.37, 270],
		[334, "PAD72_1", 1090, -3650, "B", "DIP", "A1", "", "C", 62.992, 62.992, 39.37, 39.37, 270],
		[335, "PAD73_2", 990, -3650, "T", "DIP", "A2", "", "C", 62.992, 62.992, 39.37, 39.37, 270],
		[336, "PAD73_2", 990, -3650, "B", "DIP", "A2", "", "C", 62.992, 62.992, 39.37, 39.37, 270],
		[337, "PAD74_7", 990, -3950, "T", "DIP", "GND", "GND", "C", 62.992, 62.992, 39.37, 39.37, 270],
		[338, "PAD74_7", 990, -3950, "B", "DIP", "GND", "GND", "C", 62.992, 62.992, 39.37, 39.37, 270],
		[339, "PAD75_8", 1090, -3950, "T", "DIP", "GND", "GND", "C", 62.992, 62.992, 39.37, 39.37, 270],
		[340, "PAD75_8", 1090, -3950, "B", "DIP", "GND", "GND", "C", 62.992, 62.992, 39.37, 39.37, 270],
		[341, "PAD76_1", 653.5335, -4674.923, "T", "DIP", "$1N1875", "", "R", 62.992, 62.992, 39.37, 39.37, 270],
		[342, "PAD76_1", 653.5335, -4674.923, "B", "DIP", "$1N1875", "", "R", 62.992, 62.992, 39.37, 39.37, 270],
		[343, "PAD77_2", 653.5335, -4774.923, "T", "DIP", "MODE_1", "", "C", 62.992, 62.992, 39.37, 39.37, 270],
		[344, "PAD77_2", 653.5335, -4774.923, "B", "DIP", "MODE_1", "", "C", 62.992, 62.992, 39.37, 39.37, 270],
		[345, "PAD78_1", 283.8485, -4674.923, "T", "DIP", "$1N1876", "", "R", 62.992, 62.992, 39.37, 39.37, 270],
		[346, "PAD78_1", 283.8485, -4674.923, "B", "DIP", "$1N1876", "", "R", 62.992, 62.992, 39.37, 39.37, 270],
		[347, "PAD79_2", 283.8485, -4774.923, "T", "DIP", "$1N1887", "", "C", 62.992, 62.992, 39.37, 39.37, 270],
		[348, "PAD79_2", 283.8485, -4774.923, "B", "DIP", "$1N1887", "", "C", 62.992, 62.992, 39.37, 39.37, 270],
		[349, "PAD80_1", 1137.5375, -4674.923, "T", "DIP", "$1N1885", "", "R", 62.992, 62.992, 39.37, 39.37, 270],
		[350, "PAD80_1", 1137.5375, -4674.923, "B", "DIP", "$1N1885", "", "R", 62.992, 62.992, 39.37, 39.37, 270],
		[351, "PAD81_2", 1137.5375, -4774.923, "T", "DIP", "MODE_2", "", "C", 62.992, 62.992, 39.37, 39.37, 270],
		[352, "PAD81_2", 1137.5375, -4774.923, "B", "DIP", "MODE_2", "", "C", 62.992, 62.992, 39.37, 39.37, 270],
		[353, "PAD82_1", 1485, -3815, "T", "DIP", "MODE_1", "", "R", 78.74, 78.74, 47.244, 47.244, 270],
		[354, "PAD82_1", 1485, -3815, "B", "DIP", "MODE_1", "", "R", 78.74, 78.74, 47.244, 47.244, 270],
		[355, "PAD83_2", 1485, -3915, "T", "DIP", "MODE_2", "", "C", 78.74, 78.74, 47.244, 47.244, 270],
		[356, "PAD83_2", 1485, -3915, "B", "DIP", "MODE_2", "", "C", 78.74, 78.74, 47.244, 47.244, 270],
		[357, "PAD84_1", 653.5335, -4130.343, "T", "DIP", "+5V", "", "C", 74, 74, 35.4, 35.4, 270],
		[358, "PAD84_1", 653.5335, -4130.343, "B", "DIP", "+5V", "", "C", 74, 74, 35.4, 35.4, 270],
		[359, "PAD85_2", 653.5335, -4530.343, "T", "DIP", "$1N1875", "", "C", 74, 74, 35.4, 35.4, 270],
		[360, "PAD85_2", 653.5335, -4530.343, "B", "DIP", "$1N1875", "", "C", 74, 74, 35.4, 35.4, 270],
		[361, "PAD86_1", 283.8485, -4130.343, "T", "DIP", "+5V", "", "C", 74, 74, 35.4, 35.4, 270],
		[362, "PAD86_1", 283.8485, -4130.343, "B", "DIP", "+5V", "", "C", 74, 74, 35.4, 35.4, 270],
		[363, "PAD87_2", 283.8485, -4530.343, "T", "DIP", "$1N1876", "", "C", 74, 74, 35.4, 35.4, 270],
		[364, "PAD87_2", 283.8485, -4530.343, "B", "DIP", "$1N1876", "", "C", 74, 74, 35.4, 35.4, 270],
		[365, "PAD88_1", 1137.5375, -4130.343, "T", "DIP", "+5V", "", "C", 74, 74, 35.4, 35.4, 270],
		[366, "PAD88_1", 1137.5375, -4130.343, "B", "DIP", "+5V", "", "C", 74, 74, 35.4, 35.4, 270],
		[367, "PAD89_2", 1137.5375, -4530.343, "T", "DIP", "$1N1885", "", "C", 74, 74, 35.4, 35.4, 270],
		[368, "PAD89_2", 1137.5375, -4530.343, "B", "DIP", "$1N1885", "", "C", 74, 74, 35.4, 35.4, 270],
		[369, "PAD90_1", 1485, -4150, "T", "DIP", "Y1", "", "R", 66.929, 66.929, 43.308, 43.308, 270],
		[370, "PAD90_1", 1485, -4150, "B", "DIP", "Y1", "", "R", 66.929, 66.929, 43.308, 43.308, 270],
		[371, "PAD91_2", 1485, -4250, "T", "DIP", "Y2", "", "C", 66.929, 66.929, 43.308, 43.308, 270],
		[372, "PAD91_2", 1485, -4250, "B", "DIP", "Y2", "", "C", 66.929, 66.929, 43.308, 43.308, 270],
		[373, "PAD92_3", 1485, -4350, "T", "DIP", "Y3", "", "C", 66.929, 66.929, 43.308, 43.308, 270],
		[374, "PAD92_3", 1485, -4350, "B", "DIP", "Y3", "", "C", 66.929, 66.929, 43.308, 43.308, 270],
		[375, "PAD93_4", 1485, -4450, "T", "DIP", "Y4", "", "C", 66.929, 66.929, 43.308, 43.308, 270],
		[376, "PAD93_4", 1485, -4450, "B", "DIP", "Y4", "", "C", 66.929, 66.929, 43.308, 43.308, 270],
		[377, "PAD94_1", -1090, -4248.26, "T", "DIP", "NET_1", "", "R", 66.929, 66.929, 43.308, 43.308, 0],
		[378, "PAD94_1", -1090, -4248.26, "B", "DIP", "NET_1", "", "R", 66.929, 66.929, 43.308, 43.308, 0]
	]
}
}