{
"lengthUnit": "mil",
"remark": [],
"components": {
	"fields": ["COMPONENT_NO", "COMPONENT_NAME", "LAYER", "X_COORDINATE", "Y_COORDINATE", "ANGLE"],
	"rows": [
		[1, "1)5V\n2)GND", "T", 415, -1680, 90],
		[2, "1)CLK\n2)~CLK", "T", 3370, -1895, 270],
		[3, "1kΩ", "T", 330, -645, 270],
		[4, "1kΩ", "T", 700, -395, 0],
		[5, "1kΩ", "T", 2785, -675, 90],
		[6, "1kΩ", "T", 3115, -440, 180],
		[7, "1kΩ", "T", 1685, -550, 90],
		[8, "1M", "T", 1085, -665, 270],
		[9, "1MΩ", "T", 2175, -475, 0],
		[10, "10nF", "T", 870, -1155, 270],
		[11, "10nf", "T", 1985, -1105, 0],
		[12, "10nF", "T", 3470, -700, 90],
		[13, "74LS04", "T", 1665, -1779.429, 270],
		[14, "74LS08", "T", 2148.485, -1776.063, 270],
		[15, "74LS32", "T", 2630, -1780, 270],
		[16, "100nF", "T", 565, -1155, 270],
		[17, "100nF", "T", 2345, -980, 90],
		[18, "100nF", "T", 1265, -1770, 270],
		[19, "100nF", "T", 985, -1770, 270],
		[20, "220Ω", "T", 3160, -1605, 0],
		[21, "555_1", "T", 695, -700, 0],
		[22, "555_2", "T", 2000, -745, 0],
		[23, "555_3", "T", 3105, -730, 0],
		[24, "Button", "T", 1575, -980, 90],
		[25, "HLT", "T", 416, -1910, 0],
		[26, "LED", "T", 3110, -1895, 0],
		[27, "Switch", "T", 3095, -1150, 0],
		[28, "PAD1", "T", 415, -1730, 0],
		[29, "PAD1", "B", 415, -1730, 0],
		[30, "PAD2", "T", 415, -1630, 0],
		[31, "PAD2", "B", 415, -1630, 0],
		[32, "PAD3", "T", 3370, -1845, 0],
		[33, "PAD3", "B", 3370, -1845, 0],
		[34, "PAD4", "T", 3370, -1945, 0],
		[35, "PAD4", "B", 3370, -1945, 0],
		[36, "PAD5", "T", 1663.58, -1107.95, 0],
		[37, "PAD5", "B", 1663.58, -1107.95, 0],
		[38, "PAD6", "T", 1663.58, -852.05, 0],
		[39, "PAD6", "B", 1663.58, -852.05, 0],
		[40, "PAD7", "T", 565, -1055, 0],
		[41, "PAD7", "B", 565, -1055, 0],
		[42, "PAD8", "T", 565, -1255, 0],
		[43, "PAD8", "B", 565, -1255, 0],
		[44, "PAD9", "T", 2345, -1080, 0],
		[45, "PAD9", "B", 2345, -1080, 0],
		[46, "PAD10", "T", 2345, -880, 0],
		[47, "PAD10", "B", 2345, -880, 0],
		[48, "PAD11", "T", 1265, -1670, 0],
		[49, "PAD11", "B", 1265, -1670, 0],
		[50, "PAD12", "T", 1265, -1870, 0],
		[51, "PAD12", "B", 1265, -1870, 0],
		[52, "PAD13", "T", 985, -1670, 0],
		[53, "PAD13", "B", 985, -1670, 0],
		[54, "PAD14", "T", 985, -1870, 0],
		[55, "PAD14", "B", 985, -1870, 0],
		[56, "PAD15", "T", 870, -1055, 0],
		[57, "PAD15", "B", 870, -1055, 0],
		[58, "PAD16", "T", 870, -1255, 0],
		[59, "PAD16", "B", 870, -1255, 0],
		[60, "PAD17", "T", 1885, -1105, 0],
		[61, "PAD17", "B", 1885, -1105, 0],
		[62, "PAD18", "T", 2085, -1105, 0],
		[63, "PAD18", "B", 2085, -1105, 0],
		[64, "PAD19", "T", 3470, -800, 0],
		[65, "PAD19", "B", 3470, -800, 0],
		[66, "PAD20", "T", 3470, -600, 0],
		[67, "PAD20", "B", 3470, -600, 0],
		[68, "PAD21", "T", 416, -1910, 0],
		[69, "PAD21", "B", 416, -1910, 0],
		[70, "PAD22", "T", 1085, -665.005, 0],
		[71, "PAD22", "B", 1085, -665.005, 0],
		[72, "PAD23", "T", 1085, -763.425, 0],
		[73, "PAD23", "B", 1085, -763.425, 0],
		[74, "PAD24", "T", 330, -445, 0],
		[75, "PAD24", "B", 330, -445, 0],
		[76, "PAD25", "T", 330, -845, 0],
		[77, "PAD25", "B", 330, -845, 0],
		[78, "PAD26", "T", 500, -395, 0],
		[79, "PAD26", "B", 500, -395, 0],
		[80, "PAD27", "T", 900, -395, 0],
		[81, "PAD27", "B", 900, -395, 0],
		[82, "PAD28", "T", 1975, -475, 0],
		[83, "PAD28", "B", 1975, -475, 0],
		[84, "PAD29", "T", 2375, -475, 0],
		[85, "PAD29", "B", 2375, -475, 0],
		[86, "PAD30", "T", 2785, -875, 0],
		[87, "PAD30", "B", 2785, -875, 0],
		[88, "PAD31", "T", 2785, -475, 0],
		[89, "PAD31", "B", 2785, -475, 0],
		[90, "PAD32", "T", 3315, -440, 0],
		[91, "PAD32", "B", 3315, -440, 0],
		[92, "PAD33", "T", 2915, -440, 0],
		[93, "PAD33", "B", 2915, -440, 0],
		[94, "PAD34", "T", 2960, -1605, 0],
		[95, "PAD34", "B", 2960, -1605, 0],
		[96, "PAD35", "T", 3360, -1605, 0],
		[97, "PAD35", "B", 3360, -1605, 0],
		[98, "PAD36", "T", 1685, -750, 0],
		[99, "PAD36", "B", 1685, -750, 0],
		[100, "PAD37", "T", 1685, -350, 0],
		[101, "PAD37", "B", 1685, -350, 0],
		[102, "PAD38", "T", 545, -850, 0],
		[103, "PAD38", "B", 545, -850, 0],
		[104, "PAD39", "T", 645, -850, 0],
		[105, "PAD39", "B", 645, -850, 0],
		[106, "PAD40", "T", 745, -850, 0],
		[107, "PAD40", "B", 745, -850, 0],
		[108, "PAD41", "T", 845, -850, 0],
		[109, "PAD41", "B", 845, -850, 0],
		[110, "PAD42", "T", 545, -550, 0],
		[111, "PAD42", "B", 545, -550, 0],
		[112, "PAD43", "T", 645, -550, 0],
		[113, "PAD43", "B", 645, -550, 0],
		[114, "PAD44", "T", 745, -550, 0],
		[115, "PAD44", "B", 745, -550, 0],
		[116, "PAD45", "T", 845, -550, 0],
		[117, "PAD45", "B", 845, -550, 0],
		[118, "PAD46", "T", 1850, -895, 0],
		[119, "PAD46", "B", 1850, -895, 0],
		[120, "PAD47", "T", 1950, -895, 0],
		[121, "PAD47", "B", 1950, -895, 0],
		[122, "PAD48", "T", 2050, -895, 0],
		[123, "PAD48", "B", 2050, -895, 0],
		[124, "PAD49", "T", 2150, -895, 0],
		[125, "PAD49", "B", 2150, -895, 0],
		[126, "PAD50", "T", 1850, -595, 0],
		[127, "PAD50", "B", 1850, -595, 0],
		[128, "PAD51", "T", 1950, -595, 0],
		[129, "PAD51", "B", 1950, -595, 0],
		[130, "PAD52", "T", 2050, -595, 0],
		[131, "PAD52", "B", 2050, -595, 0],
		[132, "PAD53", "T", 2150, -595, 0],
		[133, "PAD53", "B", 2150, -595, 0],
		[134, "PAD54", "T", 2955, -880, 0],
		[135, "PAD54", "B", 2955, -880, 0],
		[136, "PAD55", "T", 3055, -880, 0],
		[137, "PAD55", "B", 3055, -880, 0],
		[138, "PAD56", "T", 3155, -880, 0],
		[139, "PAD56", "B", 3155, -880, 0],
		[140, "PAD57", "T", 3255, -880, 0],
		[141, "PAD57", "B", 3255, -880, 0],
		[142, "PAD58", "T", 2955, -580, 0],
		[143, "PAD58", "B", 2955, -580, 0],
		[144, "PAD59", "T", 3155, -580, 0],
		[145, "PAD59", "B", 3155, -580, 0],
		[146, "PAD60", "T", 3255, -580, 0],
		[147, "PAD60", "B", 3255, -580, 0],
		[148, "PAD61", "T", 1998.495, -1476.063, 0],
		[149, "PAD61", "B", 1998.495, -1476.063, 0],
		[150, "PAD62", "T", 1998.485, -1576.063, 0],
		[151, "PAD62", "B", 1998.485, -1576.063, 0],
		[152, "PAD63", "T", 1998.485, -1676.063, 0],
		[153, "PAD63", "B", 1998.485, -1676.063, 0],
		[154, "PAD64", "T", 1998.485, -1776.063, 0],
		[155, "PAD64", "B", 1998.485, -1776.063, 0],
		[156, "PAD65", "T", 1998.485, -1876.063, 0],
		[157, "PAD65", "B", 1998.485, -1876.063, 0],
		[158, "PAD66", "T", 1998.485, -1976.063, 0],
		[159, "PAD66", "B", 1998.485, -1976.063, 0],
		[160, "PAD67", "T", 1998.485, -2076.063, 0],
		[161, "PAD67", "B", 1998.485, -2076.063, 0],
		[162, "PAD68", "T", 2298.485, -1476.063, 0],
		[163, "PAD68", "B", 2298.485, -1476.063, 0],
		[164, "PAD69", "T", 2298.485, -1876.063, 0],
		[165, "PAD69", "B", 2298.485, -1876.063, 0],
		[166, "PAD70", "T", 2298.485, -1976.063, 0],
		[167, "PAD70", "B", 2298.485, -1976.063, 0],
		[168, "PAD71", "T", 2298.485, -2076.063, 0],
		[169, "PAD71", "B", 2298.485, -2076.063, 0],
		[170, "PAD72", "T", 1507.52, -1479.429, 0],
		[171, "PAD72", "B", 1507.52, -1479.429, 0],
		[172, "PAD73", "T", 1507.52, -1579.429, 0],
		[173, "PAD73", "B", 1507.52, -1579.429, 0],
		[174, "PAD74", "T", 1507.52, -1679.429, 0],
		[175, "PAD74", "B", 1507.52, -1679.429, 0],
		[176, "PAD75", "T", 1507.52, -1779.429, 0],
		[177, "PAD75", "B", 1507.52, -1779.429, 0],
		[178, "PAD76", "T", 1507.52, -2079.429, 0],
		[179, "PAD76", "B", 1507.52, -2079.429, 0],
		[180, "PAD77", "T", 1822.48, -1479.429, 0],
		[181, "PAD77", "B", 1822.48, -1479.429, 0],
		[182, "PAD78", "T", 1822.48, -1979.429, 0],
		[183, "PAD78", "B", 1822.48, -1979.429, 0],
		[184, "PAD79", "T", 1822.48, -2079.429, 0],
		[185, "PAD79", "B", 1822.48, -2079.429, 0],
		[186, "PAD80", "T", 2474.49, -1480, 0],
		[187, "PAD80", "B", 2474.49, -1480, 0],
		[188, "PAD81", "T", 2474.49, -1580, 0],
		[189, "PAD81", "B", 2474.49, -1580, 0],
		[190, "PAD82", "T", 2474.49, -1680, 0],
		[191, "PAD82", "B", 2474.49, -1680, 0],
		[192, "PAD83", "T", 2474.49, -2080, 0],
		[193, "PAD83", "B", 2474.49, -2080, 0],
		[194, "PAD84", "T", 2785.51, -1480, 0],
		[195, "PAD84", "B", 2785.51, -1480, 0],
		[196, "PAD85", "T", 2909.96, -1150, 0],
		[197, "PAD85", "B", 2909.96, -1150, 0],
		[198, "PAD86", "T", 3095, -1150, 0],
		[199, "PAD86", "B", 3095, -1150, 0],
		[200, "PAD87", "T", 3280.04, -1150, 0],
		[201, "PAD87", "B", 3280.04, -1150, 0],
		[202, "PAD88", "T", 3060, -1895, 0],
		[203, "PAD88", "B", 3060, -1895, 0],
		[204, "PAD89", "T", 3160, -1895, 0],
		[205, "PAD89", "B", 3160, -1895, 0]
	]
},
"pins": {
	"fields": ["PIN_NO", "PIN_NAME", "PIN_X", "PIN_Y", "LAYER", "PIN_TYPE", "NET_NAME", "NET_TYPE", "PAD_SHAPE", "PAD_SIZEX", "PAD_SIZEY", "HOLE_SIZE", "HOLE_LEN", "PAD_ANGLE"],
	"rows": [
		[1, "1)5V\n2)GND_1", 415, -1730, "T", "DIP", "+5V", "", "R", 78.74, 78.74, 47.244, 47.244, 90],
		[2, "1)5V\n2)GND_1", 415, -1730, "B", "DIP", "+5V", "", "R", 78.74, 78.74, 47.244, 47.244, 90],
		[3, "1)5V\n2)GND_2", 415, -1630, "T", "DIP", "GND", "GND", "C", 78.74, 78.74, 47.244, 47.244, 90],
		[4, "1)5V\n2)GND_2", 415, -1630, "B", "DIP", "GND", "GND", "C", 78.74, 78.74, 47.244, 47.244, 90],
		[5, "1)CLK\n2)~CLK_1", 3370, -1845, "T", "DIP", "CLK", "", "R", 78.74, 78.74, 47.244, 47.244, 270],
		[6, "1)CLK\n2)~CLK_1", 3370, -1845, "B", "DIP", "CLK", "", "R", 78.74, 78.74, 47.244, 47.244, 270],
		[7, "1)CLK\n2)~CLK_2", 3370, -1945, "T", "DIP", "~CLK", "", "C", 78.74, 78.74, 47.244, 47.244, 270],
		[8, "1)CLK\n2)~CLK_2", 3370, -1945, "B", "DIP", "~CLK", "", "C", 78.74, 78.74, 47.244, 47.244, 270],
		[9, "1kΩ_1", 330, -445, "T", "DIP", "$1N2482", "", "C", 74, 74, 35.4, 35.4, 270],
		[10, "1kΩ_1", 330, -445, "B", "DIP", "$1N2482", "", "C", 74, 74, 35.4, 35.4, 270],
		[11, "1kΩ_2", 330, -845, "T", "DIP", "+5V", "", "C", 74, 74, 35.4, 35.4, 270],
		[12, "1kΩ_2", 330, -845, "B", "DIP", "+5V", "", "C", 74, 74, 35.4, 35.4, 270],
		[13, "1kΩ_1", 500, -395, "T", "DIP", "$1N2482", "", "C", 74, 74, 35.4, 35.4, 0],
		[14, "1kΩ_1", 500, -395, "B", "DIP", "$1N2482", "", "C", 74, 74, 35.4, 35.4, 0],
		[15, "1kΩ_2", 900, -395, "T", "DIP", "$1N2481", "", "C", 74, 74, 35.4, 35.4, 0],
		[16, "1kΩ_2", 900, -395, "B", "DIP", "$1N2481", "", "C", 74, 74, 35.4, 35.4, 0],
		[17, "1kΩ_1", 2785, -875, "T", "DIP", "$1N2490", "", "C", 74, 74, 35.4, 35.4, 90],
		[18, "1kΩ_1", 2785, -875, "B", "DIP", "$1N2490", "", "C", 74, 74, 35.4, 35.4, 90],
		[19, "1kΩ_2", 2785, -475, "T", "DIP", "+5V", "", "C", 74, 74, 35.4, 35.4, 90],
		[20, "1kΩ_2", 2785, -475, "B", "DIP", "+5V", "", "C", 74, 74, 35.4, 35.4, 90],
		[21, "1kΩ_1", 3315, -440, "T", "DIP", "$1N2489", "", "C", 74, 74, 35.4, 35.4, 180],
		[22, "1kΩ_1", 3315, -440, "B", "DIP", "$1N2489", "", "C", 74, 74, 35.4, 35.4, 180],
		[23, "1kΩ_2", 2915, -440, "T", "DIP", "+5V", "", "C", 74, 74, 35.4, 35.4, 180],
		[24, "1kΩ_2", 2915, -440, "B", "DIP", "+5V", "", "C", 74, 74, 35.4, 35.4, 180],
		[25, "1kΩ_1", 1685, -750, "T", "DIP", "$1N2513", "", "C", 74, 74, 35.4, 35.4, 90],
		[26, "1kΩ_1", 1685, -750, "B", "DIP", "$1N2513", "", "C", 74, 74, 35.4, 35.4, 90],
		[27, "1kΩ_2", 1685, -350, "T", "DIP", "+5V", "", "C", 74, 74, 35.4, 35.4, 90],
		[28, "1kΩ_2", 1685, -350, "B", "DIP", "+5V", "", "C", 74, 74, 35.4, 35.4, 90],
		[29, "1M_1", 1085, -566.575, "T", "DIP", "NET_1", "", "C", 60, 60, 30, 30, 270],
		[30, "1M_1", 1085, -566.575, "B", "DIP", "NET_1", "", "C", 60, 60, 30, 30, 270],
		[31, "1M_2", 1085, -665.005, "T", "DIP", "$1N2481", "", "C", 60, 60, 30, 30, 270],
		[32, "1M_2", 1085, -665.005, "B", "DIP", "$1N2481", "", "C", 60, 60, 30, 30, 270],
		[33, "1M_3", 1085, -763.425, "T", "DIP", "$1N2479", "", "C", 60, 60, 30, 30, 270],
		[34, "1M_3", 1085, -763.425, "B", "DIP", "$1N2479", "", "C", 60, 60, 30, 30, 270],
		[35, "1MΩ_1", 1975, -475, "T", "DIP", "$1N2484", "", "C", 74, 74, 35.4, 35.4, 0],
		[36, "1MΩ_1", 1975, -475, "B", "DIP", "$1N2484", "", "C", 74, 74, 35.4, 35.4, 0],
		[37, "1MΩ_2", 2375, -475, "T", "DIP", "+5V", "", "C", 74, 74, 35.4, 35.4, 0],
		[38, "1MΩ_2", 2375, -475, "B", "DIP", "+5V", "", "C", 74, 74, 35.4, 35.4, 0],
		[39, "10nF_1", 870, -1055, "T", "DIP", "$1N2483", "", "C", 70.866, 70.866, 47.244, 47.244, 270],
		[40, "10nF_1", 870, -1055, "B", "DIP", "$1N2483", "", "C", 70.866, 70.866, 47.244, 47.244, 270],
		[41, "10nF_2", 870, -1255, "T", "DIP", "GND", "GND", "C", 70.866, 70.866, 47.244, 47.244, 270],
		[42, "10nF_2", 870, -1255, "B", "DIP", "GND", "GND", "C", 70.866, 70.866, 47.244, 47.244, 270],
		[43, "10nf_1", 1885, -1105, "T", "DIP", "GND", "GND", "C", 70.866, 70.866, 47.244, 47.244, 0],
		[44, "10nf_1", 1885, -1105, "B", "DIP", "GND", "GND", "C", 70.866, 70.866, 47.244, 47.244, 0],
		[45, "10nf_2", 2085, -1105, "T", "DIP", "$1N2512", "", "C", 70.866, 70.866, 47.244, 47.244, 0],
		[46, "10nf_2", 2085, -1105, "B", "DIP", "$1N2512", "", "C", 70.866, 70.866, 47.244, 47.244, 0],
		[47, "10nF_1", 3470, -800, "T", "DIP", "GND", "GND", "C", 70.866, 70.866, 47.244, 47.244, 90],
		[48, "10nF_1", 3470, -800, "B", "DIP", "GND", "GND", "C", 70.866, 70.866, 47.244, 47.244, 90],
		[49, "10nF_2", 3470, -600, "T", "DIP", "$1N2488", "", "C", 70.866, 70.866, 47.244, 47.244, 90],
		[50, "10nF_2", 3470, -600, "B", "DIP", "$1N2488", "", "C", 70.866, 70.866, 47.244, 47.244, 90],
		[51, "74LS04_1", 1507.52, -1479.429, "T", "DIP", "$1N2496", "", "R", 78.74, 59.055, 39.37, 39.37, 0],
		[52, "74LS04_1", 1507.52, -1479.429, "B", "DIP", "$1N2496", "", "R", 78.74, 59.055, 39.37, 39.37, 0],
		[53, "74LS04_2", 1507.52, -1579.429, "T", "DIP", "$1N2495", "", "O", 78.74, 59.055, 39.37, 39.37, 0],
		[54, "74LS04_2", 1507.52, -1579.429, "B", "DIP", "$1N2495", "", "O", 78.74, 59.055, 39.37, 39.37, 0],
		[55, "74LS04_3", 1507.52, -1679.429, "T", "DIP", "HLT", "", "O", 78.74, 59.055, 39.37, 39.37, 0],
		[56, "74LS04_3", 1507.52, -1679.429, "B", "DIP", "HLT", "", "O", 78.74, 59.055, 39.37, 39.37, 0],
		[57, "74LS04_4", 1507.52, -1779.429, "T", "DIP", "$1N2500", "", "O", 78.74, 59.055, 39.37, 39.37, 0],
		[58, "74LS04_4", 1507.52, -1779.429, "B", "DIP", "$1N2500", "", "O", 78.74, 59.055, 39.37, 39.37, 0],
		[59, "74LS04_5", 1507.52, -1879.429, "T", "DIP", "NET_2", "", "O", 78.74, 59.055, 39.37, 39.37, 0],
		[60, "74LS04_5", 1507.52, -1879.429, "B", "DIP", "NET_2", "", "O", 78.74, 59.055, 39.37, 39.37, 0],
		[61, "74LS04_6", 1507.52, -1979.429, "T", "DIP", "NET_3", "", "O", 78.74, 59.055, 39.37, 39.37, 0],
		[62, "74LS04_6", 1507.52, -1979.429, "B", "DIP", "NET_3", "", "O", 78.74, 59.055, 39.37, 39.37, 0],
		[63, "74LS04_7", 1507.52, -2079.429, "T", "DIP", "GND", "GND", "O", 78.74, 59.055, 39.37, 39.37, 0],
		[64, "74LS04_7", 1507.52, -2079.429, "B", "DIP", "GND", "GND", "O", 78.74, 59.055, 39.37, 39.37, 0],
		[65, "74LS04_8", 1822.48, -2079.429, "T", "DIP", "~CLK", "", "O", 78.74, 59.055, 39.37, 39.37, 0],
		[66, "74LS04_8", 1822.48, -2079.429, "B", "DIP", "~CLK", "", "O", 78.74, 59.055, 39.37, 39.37, 0],
		[67, "74LS04_9", 1822.48, -1979.429, "T", "DIP", "CLK", "", "O", 78.74, 59.055, 39.37, 39.37, 0],
		[68, "74LS04_9", 1822.48, -1979.429, "B", "DIP", "CLK", "", "O", 78.74, 59.055, 39.37, 39.37, 0],
		[69, "74LS04_10", 1822.48, -1879.429, "T", "DIP", "NET_4", "", "O", 78.74, 59.055, 39.37, 39.37, 0],
		[70, "74LS04_10", 1822.48, -1879.429, "B", "DIP", "NET_4", "", "O", 78.74, 59.055, 39.37, 39.37, 0],
		[71, "74LS04_11", 1822.48, -1779.429, "T", "DIP", "NET_5", "", "O", 78.74, 59.055, 39.37, 39.37, 0],
		[72, "74LS04_11", 1822.48, -1779.429, "B", "DIP", "NET_5", "", "O", 78.74, 59.055, 39.37, 39.37, 0],
		[73, "74LS04_12", 1822.48, -1679.429, "T", "DIP", "NET_6", "", "O", 78.74, 59.055, 39.37, 39.37, 0],
		[74, "74LS04_12", 1822.48, -1679.429, "B", "DIP", "NET_6", "", "O", 78.74, 59.055, 39.37, 39.37, 0],
		[75, "74LS04_13", 1822.48, -1579.429, "T", "DIP", "NET_7", "", "O", 78.74, 59.055, 39.37, 39.37, 0],
		[76, "74LS04_13", 1822.48, -1579.429, "B", "DIP", "NET_7", "", "O", 78.74, 59.055, 39.37, 39.37, 0],
		[77, "74LS04_14", 1822.48, -1479.429, "T", "DIP", "+5V", "", "O", 78.74, 59.055, 39.37, 39.37, 0],
		[78, "74LS04_14", 1822.48, -1479.429, "B", "DIP", "+5V", "", "O", 78.74, 59.055, 39.37, 39.37, 0],
		[79, "74LS08_1", 1998.495, -1476.063, "T", "DIP", "$1N2493", "", "R", 78.74, 59.055, 39.37, 39.37, 0],
		[80, "74LS08_1", 1998.495, -1476.063, "B", "DIP", "$1N2493", "", "R", 78.74, 59.055, 39.37, 39.37, 0],
		[81, "74LS08_2", 1998.485, -1576.063, "T", "DIP", "$1N2496", "", "O", 78.74, 59.055, 39.37, 39.37, 0],
		[82, "74LS08_2", 1998.485, -1576.063, "B", "DIP", "$1N2496", "", "O", 78.74, 59.055, 39.37, 39.37, 0],
		[83, "74LS08_3", 1998.485, -1676.063, "T", "DIP", "$1N2497", "", "O", 78.74, 59.055, 39.37, 39.37, 0],
		[84, "74LS08_3", 1998.485, -1676.063, "B", "DIP", "$1N2497", "", "O", 78.74, 59.055, 39.37, 39.37, 0],
		[85, "74LS08_4", 1998.485, -1776.063, "T", "DIP", "$1N2494", "", "O", 78.74, 59.055, 39.37, 39.37, 0],
		[86, "74LS08_4", 1998.485, -1776.063, "B", "DIP", "$1N2494", "", "O", 78.74, 59.055, 39.37, 39.37, 0],
		[87, "74LS08_5", 1998.485, -1876.063, "T", "DIP", "$1N2495", "", "O", 78.74, 59.055, 39.37, 39.37, 0],
		[88, "74LS08_5", 1998.485, -1876.063, "B", "DIP", "$1N2495", "", "O", 78.74, 59.055, 39.37, 39.37, 0],
		[89, "74LS08_6", 1998.485, -1976.063, "T", "DIP", "$1N2498", "", "O", 78.74, 59.055, 39.37, 39.37, 0],
		[90, "74LS08_6", 1998.485, -1976.063, "B", "DIP", "$1N2498", "", "O", 78.74, 59.055, 39.37, 39.37, 0],
		[91, "74LS08_7", 1998.485, -2076.063, "T", "DIP", "GND", "GND", "O", 78.74, 59.055, 39.37, 39.37, 0],
		[92, "74LS08_7", 1998.485, -2076.063, "B", "DIP", "GND", "GND", "O", 78.74, 59.055, 39.37, 39.37, 0],
		[93, "74LS08_8", 2298.485, -2076.063, "T", "DIP", "CLK", "", "O", 78.74, 59.055, 39.37, 39.37, 0],
		[94, "74LS08_8", 2298.485, -2076.063, "B", "DIP", "CLK", "", "O", 78.74, 59.055, 39.37, 39.37, 0],
		[95, "74LS08_9", 2298.485, -1976.063, "T", "DIP", "$1N2501", "", "O", 78.74, 59.055, 39.37, 39.37, 0],
		[96, "74LS08_9", 2298.485, -1976.063, "B", "DIP", "$1N2501", "", "O", 78.74, 59.055, 39.37, 39.37, 0],
		[97, "74LS08_10", 2298.485, -1876.063, "T", "DIP", "$1N2500", "", "O", 78.74, 59.055, 39.37, 39.37, 0],
		[98, "74LS08_10", 2298.485, -1876.063, "B", "DIP", "$1N2500", "", "O", 78.74, 59.055, 39.37, 39.37, 0],
		[99, "74LS08_11", 2298.485, -1776.063, "T", "DIP", "NET_8", "", "O", 78.74, 59.055, 39.37, 39.37, 0],
		[100, "74LS08_11", 2298.485, -1776.063, "B", "DIP", "NET_8", "", "O", 78.74, 59.055, 39.37, 39.37, 0],
		[101, "74LS08_12", 2298.485, -1676.063, "T", "DIP", "NET_9", "", "O", 78.74, 59.055, 39.37, 39.37, 0],
		[102, "74LS08_12", 2298.485, -1676.063, "B", "DIP", "NET_9", "", "O", 78.74, 59.055, 39.37, 39.37, 0],
		[103, "74LS08_13", 2298.485, -1576.063, "T", "DIP", "NET_10", "", "O", 78.74, 59.055, 39.37, 39.37, 0],
		[104, "74LS08_13", 2298.485, -1576.063, "B", "DIP", "NET_10", "", "O", 78.74, 59.055, 39.37, 39.37, 0],
		[105, "74LS08_14", 2298.485, -1476.063, "T", "DIP", "+5V", "", "O", 78.74, 59.055, 39.37, 39.37, 0],
		[106, "74LS08_14", 2298.485, -1476.063, "B", "DIP", "+5V", "", "O", 78.74, 59.055, 39.37, 39.37, 0],
		[107, "74LS32_1", 2474.49, -1480, "T", "DIP", "$1N2497", "", "R", 78.74, 59.055, 39.37, 39.37, 0],
		[108, "74LS32_1", 2474.49, -1480, "B", "DIP", "$1N2497", "", "R", 78.74, 59.055, 39.37, 39.37, 0],
		[109, "74LS32_2", 2474.49, -1580, "T", "DIP", "$1N2498", "", "O", 78.74, 59.055, 39.37, 39.37, 0],
		[110, "74LS32_2", 2474.49, -1580, "B", "DIP", "$1N2498", "", "O", 78.74, 59.055, 39.37, 39.37, 0],
		[111, "74LS32_3", 2474.49, -1680, "T", "DIP", "$1N2501", "", "O", 78.74, 59.055, 39.37, 39.37, 0],
		[112, "74LS32_3", 2474.49, -1680, "B", "DIP", "$1N2501", "", "O", 78.74, 59.055, 39.37, 39.37, 0],
		[113, "74LS32_4", 2474.49, -1780, "T", "DIP", "NET_11", "", "O", 78.74, 59.055, 39.37, 39.37, 0],
		[114, "74LS32_4", 2474.49, -1780, "B", "DIP", "NET_11", "", "O", 78.74, 59.055, 39.37, 39.37, 0],
		[115, "74LS32_5", 2474.49, -1880, "T", "DIP", "NET_12", "", "O", 78.74, 59.055, 39.37, 39.37, 0],
		[116, "74LS32_5", 2474.49, -1880, "B", "DIP", "NET_12", "", "O", 78.74, 59.055, 39.37, 39.37, 0],
		[117, "74LS32_6", 2474.49, -1980, "T", "DIP", "NET_13", "", "O", 78.74, 59.055, 39.37, 39.37, 0],
		[118, "74LS32_6", 2474.49, -1980, "B", "DIP", "NET_13", "", "O", 78.74, 59.055, 39.37, 39.37, 0],
		[119, "74LS32_7", 2474.49, -2080, "T", "DIP", "GND", "GND", "O", 78.74, 59.055, 39.37, 39.37, 0],
		[120, "74LS32_7", 2474.49, -2080, "B", "DIP", "GND", "GND", "O", 78.74, 59.055, 39.37, 39.37, 0],
		[121, "74LS32_8", 2785.51, -2080, "T", "DIP", "NET_14", "", "O", 78.74, 59.055, 39.37, 39.37, 0],
		[122, "74LS32_8", 2785.51, -2080, "B", "DIP", "NET_14", "", "O", 78.74, 59.055, 39.37, 39.37, 0],
		[123, "74LS32_9", 2785.51, -1980, "T", "DIP", "NET_15", "", "O", 78.74, 59.055, 39.37, 39.37, 0],
		[124, "74LS32_9", 2785.51, -1980, "B", "DIP", "NET_15", "", "O", 78.74, 59.055, 39.37, 39.37, 0],
		[125, "74LS32_10", 2785.51, -1880, "T", "DIP", "NET_16", "", "O", 78.74, 59.055, 39.37, 39.37, 0],
		[126, "74LS32_10", 2785.51, -1880, "B", "DIP", "NET_16", "", "O", 78.74, 59.055, 39.37, 39.37, 0],
		[127, "74LS32_11", 2785.51, -1780, "T", "DIP", "NET_17", "", "O", 78.74, 59.055, 39.37, 39.37, 0],
		[128, "74LS32_11", 2785.51, -1780, "B", "DIP", "NET_17", "", "O", 78.74, 59.055, 39.37, 39.37, 0],
		[129, "74LS32_12", 2785.51, -1680, "T", "DIP", "NET_18", "", "O", 78.74, 59.055, 39.37, 39.37, 0],
		[130, "74LS32_12", 2785.51, -1680, "B", "DIP", "NET_18", "", "O", 78.74, 59.055, 39.37, 39.37, 0],
		[131, "74LS32_13", 2785.51, -1580, "T", "DIP", "NET_19", "", "O", 78.74, 59.055, 39.37, 39.37, 0],
		[132, "74LS32_13", 2785.51, -1580, "B", "DIP", "NET_19", "", "O", 78.74, 59.055, 39.37, 39.37, 0],
		[133, "74LS32_14", 2785.51, -1480, "T", "DIP", "+5V", "", "O", 78.74, 59.055, 39.37, 39.37, 0],
		[134, "74LS32_14", 2785.51, -1480, "B", "DIP", "+5V", "", "O", 78.74, 59.055, 39.37, 39.37, 0],
		[135, "100nF_1", 565, -1055, "T", "DIP", "GND", "GND", "C", 70.866, 70.866, 47.244, 47.244, 270],
		[136, "100nF_1", 565, -1055, "B", "DIP", "GND", "GND", "C", 70.866, 70.866, 47.244, 47.244, 270],
		[137, "100nF_2", 565, -1255, "T", "DIP", "$1N2479", "", "C", 70.866, 70.866, 47.244, 47.244, 270],
		[138, "100nF_2", 565, -1255, "B", "DIP", "$1N2479", "", "C", 70.866, 70.866, 47.244, 47.244, 270],
		[139, "100nF_1", 2345, -1080, "T", "DIP", "GND", "GND", "C", 70.866, 70.866, 47.244, 47.244, 90],
		[140, "100nF_1", 2345, -1080, "B", "DIP", "GND", "GND", "C", 70.866, 70.866, 47.244, 47.244, 90],
		[141, "100nF_2", 2345, -880, "T", "DIP", "$1N2484", "", "C", 70.866, 70.866, 47.244, 47.244, 90],
		[142, "100nF_2", 2345, -880, "B", "DIP", "$1N2484", "", "C", 70.866, 70.866, 47.244, 47.244, 90],
		[143, "100nF_1", 1265, -1670, "T", "DIP", "GND", "GND", "C", 70.866, 70.866, 47.244, 47.244, 270],
		[144, "100nF_1", 1265, -1670, "B", "DIP", "GND", "GND", "C", 70.866, 70.866, 47.244, 47.244, 270],
		[145, "100nF_2", 1265, -1870, "T", "DIP", "+5V", "", "C", 70.866, 70.866, 47.244, 47.244, 270],
		[146, "100nF_2", 1265, -1870, "B", "DIP", "+5V", "", "C", 70.866, 70.866, 47.244, 47.244, 270],
		[147, "100nF_1", 985, -1670, "T", "DIP", "GND", "GND", "C", 70.866, 70.866, 47.244, 47.244, 270],
		[148, "100nF_1", 985, -1670, "B", "DIP", "GND", "GND", "C", 70.866, 70.866, 47.244, 47.244, 270],
		[149, "100nF_2", 985, -1870, "T", "DIP", "+5V", "", "C", 70.866, 70.866, 47.244, 47.244, 270],
		[150, "100nF_2", 985, -1870, "B", "DIP", "+5V", "", "C", 70.866, 70.866, 47.244, 47.244, 270],
		[151, "220Ω_1", 2960, -1605, "T", "DIP", "GND", "GND", "C", 74, 74, 35.4, 35.4, 0],
		[152, "220Ω_1", 2960, -1605, "B", "DIP", "GND", "GND", "C", 74, 74, 35.4, 35.4, 0],
		[153, "220Ω_2", 3360, -1605, "T", "DIP", "$1N2511", "", "C", 74, 74, 35.4, 35.4, 0],
		[154, "220Ω_2", 3360, -1605, "B", "DIP", "$1N2511", "", "C", 74, 74, 35.4, 35.4, 0],
		[155, "555_1_1", 545, -850, "T", "DIP", "GND", "GND", "R", 59.055, 59.055, 35.434, 35.434, 0],
		[156, "555_1_1", 545, -850, "B", "DIP", "GND", "GND", "R", 59.055, 59.055, 35.434, 35.434, 0],
		[157, "555_1_2", 645, -850, "T", "DIP", "$1N2479", "", "C", 59.055, 59.055, 35.434, 35.434, 90],
		[158, "555_1_2", 645, -850, "B", "DIP", "$1N2479", "", "C", 59.055, 59.055, 35.434, 35.434, 90],
		[159, "555_1_3", 745, -850, "T", "DIP", "$1N2493", "", "C", 59.055, 59.055, 35.434, 35.434, 90],
		[160, "555_1_3", 745, -850, "B", "DIP", "$1N2493", "", "C", 59.055, 59.055, 35.434, 35.434, 90],
		[161, "555_1_4", 845, -850, "T", "DIP", "+5V", "", "C", 59.055, 59.055, 35.434, 35.434, 90],
		[162, "555_1_4", 845, -850, "B", "DIP", "+5V", "", "C", 59.055, 59.055, 35.434, 35.434, 90],
		[163, "555_1_5", 845, -550, "T", "DIP", "$1N2483", "", "C", 59.055, 59.055, 35.434, 35.434, 90],
		[164, "555_1_5", 845, -550, "B", "DIP", "$1N2483", "", "C", 59.055, 59.055, 35.434, 35.434, 90],
		[165, "555_1_6", 745, -550, "T", "DIP", "$1N2479", "", "C", 59.055, 59.055, 35.434, 35.434, 90],
		[166, "555_1_6", 745, -550, "B", "DIP", "$1N2479", "", "C", 59.055, 59.055, 35.434, 35.434, 90],
		[167, "555_1_7", 645, -550, "T", "DIP", "$1N2482", "", "C", 59.055, 59.055, 35.434, 35.434, 90],
		[168, "555_1_7", 645, -550, "B", "DIP", "$1N2482", "", "C", 59.055, 59.055, 35.434, 35.434, 90],
		[169, "555_1_8", 545, -550, "T", "DIP", "+5V", "", "C", 59.055, 59.055, 35.434, 35.434, 90],
		[170, "555_1_8", 545, -550, "B", "DIP", "+5V", "", "C", 59.055, 59.055, 35.434, 35.434, 90],
		[171, "555_2_1", 1850, -895, "T", "DIP", "GND", "GND", "R", 59.055, 59.055, 35.434, 35.434, 0],
		[172, "555_2_1", 1850, -895, "B", "DIP", "GND", "GND", "R", 59.055, 59.055, 35.434, 35.434, 0],
		[173, "555_2_2", 1950, -895, "T", "DIP", "$1N2513", "", "C", 59.055, 59.055, 35.434, 35.434, 90],
		[174, "555_2_2", 1950, -895, "B", "DIP", "$1N2513", "", "C", 59.055, 59.055, 35.434, 35.434, 90],
		[175, "555_2_3", 2050, -895, "T", "DIP", "$1N2494", "", "C", 59.055, 59.055, 35.434, 35.434, 90],
		[176, "555_2_3", 2050, -895, "B", "DIP", "$1N2494", "", "C", 59.055, 59.055, 35.434, 35.434, 90],
		[177, "555_2_4", 2150, -895, "T", "DIP", "+5V", "", "C", 59.055, 59.055, 35.434, 35.434, 90],
		[178, "555_2_4", 2150, -895, "B", "DIP", "+5V", "", "C", 59.055, 59.055, 35.434, 35.434, 90],
		[179, "555_2_5", 2150, -595, "T", "DIP", "$1N2512", "", "C", 59.055, 59.055, 35.434, 35.434, 90],
		[180, "555_2_5", 2150, -595, "B", "DIP", "$1N2512", "", "C", 59.055, 59.055, 35.434, 35.434, 90],
		[181, "555_2_6", 2050, -595, "T", "DIP", "$1N2484", "", "C", 59.055, 59.055, 35.434, 35.434, 90],
		[182, "555_2_6", 2050, -595, "B", "DIP", "$1N2484", "", "C", 59.055, 59.055, 35.434, 35.434, 90],
		[183, "555_2_7", 1950, -595, "T", "DIP", "$1N2484", "", "C", 59.055, 59.055, 35.434, 35.434, 90],
		[184, "555_2_7", 1950, -595, "B", "DIP", "$1N2484", "", "C", 59.055, 59.055, 35.434, 35.434, 90],
		[185, "555_2_8", 1850, -595, "T", "DIP", "+5V", "", "C", 59.055, 59.055, 35.434, 35.434, 90],
		[186, "555_2_8", 1850, -595, "B", "DIP", "+5V", "", "C", 59.055, 59.055, 35.434, 35.434, 90],
		[187, "555_3_1", 2955, -880, "T", "DIP", "GND", "GND", "R", 59.055, 59.055, 35.434, 35.434, 0],
		[188, "555_3_1", 2955, -880, "B", "DIP", "GND", "GND", "R", 59.055, 59.055, 35.434, 35.434, 0],
		[189, "555_3_2", 3055, -880, "T", "DIP", "$1N2490", "", "C", 59.055, 59.055, 35.434, 35.434, 90],
		[190, "555_3_2", 3055, -880, "B", "DIP", "$1N2490", "", "C", 59.055, 59.055, 35.434, 35.434, 90],
		[191, "555_3_3", 3155, -880, "T", "DIP", "$1N2496", "", "C", 59.055, 59.055, 35.434, 35.434, 90],
		[192, "555_3_3", 3155, -880, "B", "DIP", "$1N2496", "", "C", 59.055, 59.055, 35.434, 35.434, 90],
		[193, "555_3_4", 3255, -880, "T", "DIP", "$1N2489", "", "C", 59.055, 59.055, 35.434, 35.434, 90],
		[194, "555_3_4", 3255, -880, "B", "DIP", "$1N2489", "", "C", 59.055, 59.055, 35.434, 35.434, 90],
		[195, "555_3_5", 3255, -580, "T", "DIP", "$1N2488", "", "C", 59.055, 59.055, 35.434, 35.434, 90],
		[196, "555_3_5", 3255, -580, "B", "DIP", "$1N2488", "", "C", 59.055, 59.055, 35.434, 35.434, 90],
		[197, "555_3_6", 3155, -580, "T", "DIP", "GND", "GND", "C", 59.055, 59.055, 35.434, 35.434, 90],
		[198, "555_3_6", 3155, -580, "B", "DIP", "GND", "GND", "C", 59.055, 59.055, 35.434, 35.434, 90],
		[199, "555_3_7", 3055, -580, "T", "DIP", "NET_20", "", "C", 59.055, 59.055, 35.434, 35.434, 90],
		[200, "555_3_7", 3055, -580, "B", "DIP", "NET_20", "", "C", 59.055, 59.055, 35.434, 35.434, 90],
		[201, "555_3_8", 2955, -580, "T", "DIP", "+5V", "", "C", 59.055, 59.055, 35.434, 35.434, 90],
		[202, "555_3_8", 2955, -580, "B", "DIP", "+5V", "", "C", 59.055, 59.055, 35.434, 35.434, 90],
		[203, "Button_1", 1486.42, -1107.95, "T", "DIP", "NET_21", "", "C", 70.866, 70.866, 47.244, 47.244, 90],
		[204, "Button_1", 1486.42, -1107.95, "B", "DIP", "NET_21", "", "C", 70.866, 70.866, 47.244, 47.244, 90],
		[205, "Button_2", 1486.42, -852.05, "T", "DIP", "NET_22", "", "C", 70.866, 70.866, 47.244, 47.244, 90],
		[206, "Button_2", 1486.42, -852.05, "B", "DIP", "NET_22", "", "C", 70.866, 70.866, 47.244, 47.244, 90],
		[207, "Button_3", 1663.58, -1107.95, "T", "DIP", "$1N2513", "", "C", 70.866, 70.866, 47.244, 47.244, 90],
		[208, "Button_3", 1663.58, -1107.95, "B", "DIP", "$1N2513", "", "C", 70.866, 70.866, 47.244, 47.244, 90],
		[209, "Button_4", 1663.58, -852.05, "T", "DIP", "GND", "GND", "C", 70.866, 70.866, 47.244, 47.244, 90],
		[210, "Button_4", 1663.58, -852.05, "B", "DIP", "GND", "GND", "C", 70.866, 70.866, 47.244, 47.244, 90],
		[211, "HLT_1", 416, -1910, "T", "DIP", "HLT", "", "R", 66.929, 66.929, 43.308, 43.308, 0],
		[212, "HLT_1", 416, -1910, "B", "DIP", "HLT", "", "R", 66.929, 66.929, 43.308, 43.308, 0],
		[213, "LED_1", 3060, -1895, "T", "DIP", "CLK", "", "R", 62.992, 62.992, 39.37, 39.37, 0],
		[214, "LED_1", 3060, -1895, "B", "DIP", "CLK", "", "R", 62.992, 62.992, 39.37, 39.37, 0],
		[215, "LED_2", 3160, -1895, "T", "DIP", "$1N2511", "", "C", 62.992, 62.992, 39.37, 39.37, 0],
		[216, "LED_2", 3160, -1895, "B", "DIP", "$1N2511", "", "C", 62.992, 62.992, 39.37, 39.37, 0],
		[217, "Switch_1", 2909.96, -1150, "T", "DIP", "$1N2489", "", "R", 70.866, 118.11, 47.244, 98.425, 0],
		[218, "Switch_1", 2909.96, -1150, "B", "DIP", "$1N2489", "", "R", 70.866, 118.11, 47.244, 98.425, 0],
		[219, "Switch_2", 3095, -1150, "T", "DIP", "GND", "GND", "O", 70.866, 118.11, 47.244, 98.425, 0],
		[220, "Switch_2", 3095, -1150, "B", "DIP", "GND", "GND", "O", 70.866, 118.11, 47.244, 98.425, 0],
		[221, "Switch_3", 3280.04, -1150, "T", "DIP", "$1N2490", "", "O", 70.866, 118.11, 47.244, 98.425, 0],
		[222, "Switch_3", 3280.04, -1150, "B", "DIP", "$1N2490", "", "O", 70.866, 118.11, 47.244, 98.425, 0],
		[223, "PAD1_1", 415, -1730, "T", "DIP", "+5V", "", "R", 78.74, 78.74, 47.244, 47.244, 90],
		[224, "PAD1_1", 415, -1730, "B", "DIP", "+5V", "", "R", 78.74, 78.74, 47.244, 47.244, 90],
		[225, "PAD2_2", 415, -1630, "T", "DIP", "GND", "GND", "C", 78.74, 78.74, 47.244, 47.244, 90],
		[226, "PAD2_2", 415, -1630, "B", "DIP", "GND", "GND", "C", 78.74, 78.74, 47.244, 47.244, 90],
		[227, "PAD3_1", 3370, -1845, "T", "DIP", "CLK", "", "R", 78.74, 78.74, 47.244, 47.244, 270],
		[228, "PAD3_1", 3370, -1845, "B", "DIP", "CLK", "", "R", 78.74, 78.74, 47.244, 47.244, 270],
		[229, "PAD4_2", 3370, -1945, "T", "DIP", "~CLK", "", "C", 78.74, 78.74, 47.244, 47.244, 270],
		[230, "PAD4_2", 3370, -1945, "B", "DIP", "~CLK", "", "C", 78.74, 78.74, 47.244, 47.244, 270],
		[231, "PAD5_3", 1663.58, -1107.95, "T", "DIP", "$1N2513", "", "C", 70.866, 70.866, 47.244, 47.244, 90],
		[232, "PAD5_3", 1663.58, -1107.95, "B", "DIP", "$1N2513", "", "C", 70.866, 70.866, 47.244, 47.244, 90],
		[233, "PAD6_4", 1663.58, -852.05, "T", "DIP", "GND", "GND", "C", 70.866, 70.866, 47.244, 47.244, 90],
		[234, "PAD6_4", 1663.58, -852.05, "B", "DIP", "GND", "GND", "C", 70.866, 70.866, 47.244, 47.244, 90],
		[235, "PAD7_1", 565, -1055, "T", "DIP", "GND", "GND", "C", 70.866, 70.866, 47.244, 47.244, 270],
		[236, "PAD7_1", 565, -1055, "B", "DIP", "GND", "GND", "C", 70.866, 70.866, 47.244, 47.244, 270],
		[237, "PAD8_2", 565, -1255, "T", "DIP", "$1N2479", "", "C", 70.866, 70.866, 47.244, 47.244, 270],
		[238, "PAD8_2", 565, -1255, "B", "DIP", "$1N2479", "", "C", 70.866, 70.866, 47.244, 47.244, 270],
		[239, "PAD9_1", 2345, -1080, "T", "DIP", "GND", "GND", "C", 70.866, 70.866, 47.244, 47.244, 90],
		[240, "PAD9_1", 2345, -1080, "B", "DIP", "GND", "GND", "C", 70.866, 70.866, 47.244, 47.244, 90],
		[241, "PAD10_2", 2345, -880, "T", "DIP", "$1N2484", "", "C", 70.866, 70.866, 47.244, 47.244, 90],
		[242, "PAD10_2", 2345, -880, "B", "DIP", "$1N2484", "", "C", 70.866, 70.866, 47.244, 47.244, 90],
		[243, "PAD11_1", 1265, -1670, "T", "DIP", "GND", "GND", "C", 70.866, 70.866, 47.244, 47.244, 270],
		[244, "PAD11_1", 1265, -1670, "B", "DIP", "GND", "GND", "C", 70.866, 70.866, 47.244, 47.244, 270],
		[245, "PAD12_2", 1265, -1870, "T", "DIP", "+5V", "", "C", 70.866, 70.866, 47.244, 47.244, 270],
		[246, "PAD12_2", 1265, -1870, "B", "DIP", "+5V", "", "C", 70.866, 70.866, 47.244, 47.244, 270],
		[247, "PAD13_1", 985, -1670, "T", "DIP", "GND", "GND", "C", 70.866, 70.866, 47.244, 47.244, 270],
		[248, "PAD13_1", 985, -1670, "B", "DIP", "GND", "GND", "C", 70.866, 70.866, 47.244, 47.244, 270],
		[249, "PAD14_2", 985, -1870, "T", "DIP", "+5V", "", "C", 70.866, 70.866, 47.244, 47.244, 270],
		[250, "PAD14_2", 985, -1870, "B", "DIP", "+5V", "", "C", 70.866, 70.866, 47.244, 47.244, 270],
		[251, "PAD15_1", 870, -1055, "T", "DIP", "$1N2483", "", "C", 70.866, 70.866, 47.244, 47.244, 270],
		[252, "PAD15_1", 870, -1055, "B", "DIP", "$1N2483", "", "C", 70.866, 70.866, 47.244, 47.244, 270],
		[253, "PAD16_2", 870, -1255, "T", "DIP", "GND", "GND", "C", 70.866, 70.866, 47.244, 47.244, 270],
		[254, "PAD16_2", 870, -1255, "B", "DIP", "GND", "GND", "C", 70.866, 70.866, 47.244, 47.244, 270],
		[255, "PAD17_1", 1885, -1105, "T", "DIP", "GND", "GND", "C", 70.866, 70.866, 47.244, 47.244, 0],
		[256, "PAD17_1", 1885, -1105, "B", "DIP", "GND", "GND", "C", 70.866, 70.866, 47.244, 47.244, 0],
		[257, "PAD18_2", 2085, -1105, "T", "DIP", "$1N2512", "", "C", 70.866, 70.866, 47.244, 47.244, 0],
		[258, "PAD18_2", 2085, -1105, "B", "DIP", "$1N2512", "", "C", 70.866, 70.866, 47.244, 47.244, 0],
		[259, "PAD19_1", 3470, -800, "T", "DIP", "GND", "GND", "C", 70.866, 70.866, 47.244, 47.244, 90],
		[260, "PAD19_1", 3470, -800, "B", "DIP", "GND", "GND", "C", 70.866, 70.866, 47.244, 47.244, 90],
		[261, "PAD20_2", 3470, -600, "T", "DIP", "$1N2488", "", "C", 70.866, 70.866, 47.244, 47.244, 90],
		[262, "PAD20_2", 3470, -600, "B", "DIP", "$1N2488", "", "C", 70.866, 70.866, 47.244, 47.244, 90],
		[263, "PAD21_1", 416, -1910, "T", "DIP", "HLT", "", "R", 66.929, 66.929, 43.308, 43.308, 0],
		[264, "PAD21_1", 416, -1910, "B", "DIP", "HLT", "", "R", 66.929, 66.929, 43.308, 43.308, 0],
		[265, "PAD22_2", 1085, -665.005, "T", "DIP", "$1N2481", "", "C", 60, 60, 30, 30, 270],
		[266, "PAD22_2", 1085, -665.005, "B", "DIP", "$1N2481", "", "C", 60, 60, 30, 30, 270],
		[267, "PAD23_3", 1085, -763.425, "T", "DIP", "$1N2479", "", "C", 60, 60, 30, 30, 270],
		[268, "PAD23_3", 1085, -763.425, "B", "DIP", "$1N2479", "", "C", 60, 60, 30, 30, 270],
		[269, "PAD24_1", 330, -445, "T", "DIP", "$1N2482", "", "C", 74, 74, 35.4, 35.4, 270],
		[270, "PAD24_1", 330, -445, "B", "DIP", "$1N2482", "", "C", 74, 74, 35.4, 35.4, 270],
		[271, "PAD25_2", 330, -845, "T", "DIP", "+5V", "", "C", 74, 74, 35.4, 35.4, 270],
		[272, "PAD25_2", 330, -845, "B", "DIP", "+5V", "", "C", 74, 74, 35.4, 35.4, 270],
		[273, "PAD26_1", 500, -395, "T", "DIP", "$1N2482", "", "C", 74, 74, 35.4, 35.4, 0],
		[274, "PAD26_1", 500, -395, "B", "DIP", "$1N2482", "", "C", 74, 74, 35.4, 35.4, 0],
		[275, "PAD27_2", 900, -395, "T", "DIP", "$1N2481", "", "C", 74, 74, 35.4, 35.4, 0],
		[276, "PAD27_2", 900, -395, "B", "DIP", "$1N2481", "", "C", 74, 74, 35.4, 35.4, 0],
		[277, "PAD28_1", 1975, -475, "T", "DIP", "$1N2484", "", "C", 74, 74, 35.4, 35.4, 0],
		[278, "PAD28_1", 1975, -475, "B", "DIP", "$1N2484", "", "C", 74, 74, 35.4, 35.4, 0],
		[279, "PAD29_2", 2375, -475, "T", "DIP", "+5V", "", "C", 74, 74, 35.4, 35.4, 0],
		[280, "PAD29_2", 2375, -475, "B", "DIP", "+5V", "", "C", 74, 74, 35.4, 35.4, 0],
		[281, "PAD30_1", 2785, -875, "T", "DIP", "$1N2490", "", "C", 74, 74, 35.4, 35.4, 90],
		[282, "PAD30_1", 2785, -875, "B", "DIP", "$1N2490", "", "C", 74, 74, 35.4, 35.4, 90],
		[283, "PAD31_2", 2785, -475, "T", "DIP", "+5V", "", "C", 74, 74, 35.4, 35.4, 90],
		[284, "PAD31_2", 2785, -475, "B", "DIP", "+5V", "", "C", 74, 74, 35.4, 35.4, 90],
		[285, "PAD32_1", 3315, -440, "T", "DIP", "$1N2489", "", "C", 74, 74, 35.4, 35.4, 180],
		[286, "PAD32_1", 3315, -440, "B", "DIP", "$1N2489", "", "C", 74, 74, 35.4, 35.4, 180],
		[287, "PAD33_2", 2915, -440, "T", "DIP", "+5V", "", "C", 74, 74, 35.4, 35.4, 180],
		[288, "PAD33_2", 2915, -440, "B", "DIP", "+5V", "", "C", 74, 74, 35.4, 35.4, 180],
		[289, "PAD34_1", 2960, -1605, "T", "DIP", "GND", "GND", "C", 74, 74, 35.4, 35.4, 0],
		[290, "PAD34_1", 2960, -1605, "B", "DIP", "GND", "GND", "C", 74, 74, 35.4, 35.4, 0],
		[291, "PAD35_2", 3360, -1605, "T", "DIP", "$1N2511", "", "C", 74, 74, 35.4, 35.4, 0],
		[292, "PAD35_2", 3360, -1605, "B", "DIP", "$1N2511", "", "C", 74, 74, 35.4, 35.4, 0],
		[293, "PAD36_1", 1685, -750, "T", "DIP", "$1N2513", "", "C", 74, 74, 35.4, 35.4, 90],
		[294, "PAD36_1", 1685, -750, "B", "DIP", "$1N2513", "", "C", 74, 74, 35.4, 35.4, 90],
		[295, "PAD37_2", 1685, -350, "T", "DIP", "+5V", "", "C", 74, 74, 35.4, 35.4, 90],
		[296, "PAD37_2", 1685, -350, "B", "DIP", "+5V", "", "C", 74, 74, 35.4, 35.4, 90],
		[297, "PAD38_1", 545, -850, "T", "DIP", "GND", "GND", "R", 59.055, 59.055, 35.434, 35.434, 0],
		[298, "PAD38_1", 545, -850, "B", "DIP", "GND", "GND", "R", 59.055, 59.055, 35.434, 35.434, 0],
		[299, "PAD39_2", 645, -850, "T", "DIP", "$1N2479", "", "C", 59.055, 59.055, 35.434, 35.434, 90],
		[300, "PAD39_2", 645, -850, "B", "DIP", "$1N2479", "", "C", 59.055, 59.055, 35.434, 35.434, 90],
		[301, "PAD40_3", 745, -850, "T", "DIP", "$1N2493", "", "C", 59.055, 59.055, 35.434, 35.434, 90],
		[302, "PAD40_3", 745, -850, "B", "DIP", "$1N2493", "", "C", 59.055, 59.055, 35.434, 35.434, 90],
		[303, "PAD41_4", 845, -850, "T", "DIP", "+5V", "", "C", 59.055, 59.055, 35.434, 35.434, 90],
		[304, "PAD41_4", 845, -850, "B", "DIP", "+5V", "", "C", 59.055, 59.055, 35.434, 35.434, 90],
		[305, "PAD42_8", 545, -550, "T", "DIP", "+5V", "", "C", 59.055, 59.055, 35.434, 35.434, 90],
		[306, "PAD42_8", 545, -550, "B", "DIP", "+5V", "", "C", 59.055, 59.055, 35.434, 35.434, 90],
		[307, "PAD43_7", 645, -550, "T", "DIP", "$1N2482", "", "C", 59.055, 59.055, 35.434, 35.434, 90],
		[308, "PAD43_7", 645, -550, "B", "DIP", "$1N2482", "", "C", 59.055, 59.055, 35.434, 35.434, 90],
		[309, "PAD44_6", 745, -550, "T", "DIP", "$1N2479", "", "C", 59.055, 59.055, 35.434, 35.434, 90],
		[310, "PAD44_6", 745, -550, "B", "DIP", "$1N2479", "", "C", 59.055, 59.055, 35.434, 35.434, 90],
		[311, "PAD45_5", 845, -550, "T", "DIP", "$1N2483", "", "C", 59.055, 59.055, 35.434, 35.434, 90],
		[312, "PAD45_5", 845, -550, "B", "DIP", "$1N2483", "", "C", 59.055, 59.055, 35.434, 35.434, 90],
		[313, "PAD46_1", 1850, -895, "T", "DIP", "GND", "GND", "R", 59.055, 59.055, 35.434, 35.434, 0],
		[314, "PAD46_1", 1850, -895, "B", "DIP", "GND", "GND", "R", 59.055, 59.055, 35.434, 35.434, 0],
		[315, "PAD47_2", 1950, -895, "T", "DIP", "$1N2513", "", "C", 59.055, 59.055, 35.434, 35.434, 90],
		[316, "PAD47_2", 1950, -895, "B", "DIP", "$1N2513", "", "C", 59.055, 59.055, 35.434, 35.434, 90],
		[317, "PAD48_3", 2050, -895, "T", "DIP", "$1N2494", "", "C", 59.055, 59.055, 35.434, 35.434, 90],
		[318, "PAD48_3", 2050, -895, "B", "DIP", "$1N2494", "", "C", 59.055, 59.055, 35.434, 35.434, 90],
		[319, "PAD49_4", 2150, -895, "T", "DIP", "+5V", "", "C", 59.055, 59.055, 35.434, 35.434, 90],
		[320, "PAD49_4", 2150, -895, "B", "DIP", "+5V", "", "C", 59.055, 59.055, 35.434, 35.434, 90],
		[321, "PAD50_8", 1850, -595, "T", "DIP", "+5V", "", "C", 59.055, 59.055, 35.434, 35.434, 90],
		[322, "PAD50_8", 1850, -595, "B", "DIP", "+5V", "", "C", 59.055, 59.055, 35.434, 35.434, 90],
		[323, "PAD51_7", 1950, -595, "T", "DIP", "$1N2484", "", "C", 59.055, 59.055, 35.434, 35.434, 90],
		[324, "PAD51_7", 1950, -595, "B", "DIP", "$1N2484", "", "C", 59.055, 59.055, 35.434, 35.434, 90],
		[325, "PAD52_6", 2050, -595, "T", "DIP", "$1N2484", "", "C", 59.055, 59.055, 35.434, 35.434, 90],
		[326, "PAD52_6", 2050, -595, "B", "DIP", "$1N2484", "", "C", 59.055, 59.055, 35.434, 35.434, 90],
		[327, "PAD53_5", 2150, -595, "T", "DIP", "$1N2512", "", "C", 59.055, 59.055, 35.434, 35.434, 90],
		[328, "PAD53_5", 2150, -595, "B", "DIP", "$1N2512", "", "C", 59.055, 59.055, 35.434, 35.434, 90],
		[329, "PAD54_1", 2955, -880, "T", "DIP", "GND", "GND", "R", 59.055, 59.055, 35.434, 35.434, 0],
		[330, "PAD54_1", 2955, -880, "B", "DIP", "GND", "GND", "R", 59.055, 59.055, 35.434, 35.434, 0],
		[331, "PAD55_2", 3055, -880, "T", "DIP", "$1N2490", "", "C", 59.055, 59.055, 35.434, 35.434, 90],
		[332, "PAD55_2", 3055, -880, "B", "DIP", "$1N2490", "", "C", 59.055, 59.055, 35.434, 35.434, 90],
		[333, "PAD56_3", 3155, -880, "T", "DIP", "$1N2496", "", "C", 59.055, 59.055, 35.434, 35.434, 90],
		[334, "PAD56_3", 3155, -880, "B", "DIP", "$1N2496", "", "C", 59.055, 59.055, 35.434, 35.434, 90],
		[335, "PAD57_4", 3255, -880, "T", "DIP", "$1N2489", "", "C", 59.055, 59.055, 35.434, 35.434, 90],
		[336, "PAD57_4", 3255, -880, "B", "DIP", "$1N2489", "", "C", 59.055, 59.055, 35.434, 35.434, 90],
		[337, "PAD58_8", 2955, -580, "T", "DIP", "+5V", "", "C", 59.055, 59.055, 35.434, 35.434, 90],
		[338, "PAD58_8", 2955, -580, "B", "DIP", "+5V", "", "C", 59.055, 59.055, 35.434, 35.434, 90],
		[339, "PAD59_6", 3155, -580, "T", "DIP", "GND", "GND", "C", 59.055, 59.055, 35.434, 35.434, 90],
		[340, "PAD59_6", 3155, -580, "B", "DIP", "GND", "GND", "C", 59.055, 59.055, 35.434, 35.434, 90],
		[341, "PAD60_5", 3255, -580, "T", "DIP", "$1N2488", "", "C", 59.055, 59.055, 35.434, 35.434, 90],
		[342, "PAD60_5", 3255, -580, "B", "DIP", "$1N2488", "", "C", 59.055, 59.055, 35.434, 35.434, 90],
		[343, "PAD61_1", 1998.495, -1476.063, "T", "DIP", "$1N2493", "", "R", 78.74, 59.055, 39.37, 39.37, 0],
		[344, "PAD61_1", 1998.495, -1476.063, "B", "DIP", "$1N2493", "", "R", 78.74, 59.055, 39.37, 39.37, 0],
		[345, "PAD62_2", 1998.485, -1576.063, "T", "DIP", "$1N2496", "", "O", 78.74, 59.055, 39.37, 39.37, 0],
		[346, "PAD62_2", 1998.485, -1576.063, "B", "DIP", "$1N2496", "", "O", 78.74, 59.055, 39.37, 39.37, 0],
		[347, "PAD63_3", 1998.485, -1676.063, "T", "DIP", "$1N2497", "", "O", 78.74, 59.055, 39.37, 39.37, 0],
		[348, "PAD63_3", 1998.485, -1676.063, "B", "DIP", "$1N2497", "", "O", 78.74, 59.055, 39.37, 39.37, 0],
		[349, "PAD64_4", 1998.485, -1776.063, "T", "DIP", "$1N2494", "", "O", 78.74, 59.055, 39.37, 39.37, 0],
		[350, "PAD64_4", 1998.485, -1776.063, "B", "DIP", "$1N2494", "", "O", 78.74, 59.055, 39.37, 39.37, 0],
		[351, "PAD65_5", 1998.485, -1876.063, "T", "DIP", "$1N2495", "", "O", 78.74, 59.055, 39.37, 39.37, 0],
		[352, "PAD65_5", 1998.485, -1876.063, "B", "DIP", "$1N2495", "", "O", 78.74, 59.055, 39.37, 39.37, 0],
		[353, "PAD66_6", 1998.485, -1976.063, "T", "DIP", "$1N2498", "", "O", 78.74, 59.055, 39.37, 39.37, 0],
		[354, "PAD66_6", 1998.485, -1976.063, "B", "DIP", "$1N2498", "", "O", 78.74, 59.055, 39.37, 39.37, 0],
		[355, "PAD67_7", 1998.485, -2076.063, "T", "DIP", "GND", "GND", "O", 78.74, 59.055, 39.37, 39.37, 0],
		[356, "PAD67_7", 1998.485, -2076.063, "B", "DIP", "GND", "GND", "O", 78.74, 59.055, 39.37, 39.37, 0],
		[357, "PAD68_14", 2298.485, -1476.063, "T", "DIP", "+5V", "", "O", 78.74, 59.055, 39.37, 39.37, 0],
		[358, "PAD68_14", 2298.485, -1476.063, "B", "DIP", "+5V", "", "O", 78.74, 59.055, 39.37, 39.37, 0],
		[359, "PAD69_10", 2298.485, -1876.063, "T", "DIP", "$1N2500", "", "O", 78.74, 59.055, 39.37, 39.37, 0],
		[360, "PAD69_10", 2298.485, -1876.063, "B", "DIP", "$1N2500", "", "O", 78.74, 59.055, 39.37, 39.37, 0],
		[361, "PAD70_9", 2298.485, -1976.063, "T", "DIP", "$1N2501", "", "O", 78.74, 59.055, 39.37, 39.37, 0],
		[362, "PAD70_9", 2298.485, -1976.063, "B", "DIP", "$1N2501", "", "O", 78.74, 59.055, 39.37, 39.37, 0],
		[363, "PAD71_8", 2298.485, -2076.063, "T", "DIP", "CLK", "", "O", 78.74, 59.055, 39.37, 39.37, 0],
		[364, "PAD71_8", 2298.485, -2076.063, "B", "DIP", "CLK", "", "O", 78.74, 59.055, 39.37, 39.37, 0],
		[365, "PAD72_1", 1507.52, -1479.429, "T", "DIP", "$1N2496", "", "R", 78.74, 59.055, 39.37, 39.37, 0],
		[366, "PAD72_1", 1507.52, -1479.429, "B", "DIP", "$1N2496", "", "R", 78.74, 59.055, 39.37, 39.37, 0],
		[367, "PAD73_2", 1507.52, -1579.429, "T", "DIP", "$1N2495", "", "O", 78.74, 59.055, 39.37, 39.37, 0],
		[368, "PAD73_2", 1507.52, -1579.429, "B", "DIP", "$1N2495", "", "O", 78.74, 59.055, 39.37, 39.37, 0],
		[369, "PAD74_3", 1507.52, -1679.429, "T", "DIP", "HLT", "", "O", 78.74, 59.055, 39.37, 39.37, 0],
		[370, "PAD74_3", 1507.52, -1679.429, "B", "DIP", "HLT", "", "O", 78.74, 59.055, 39.37, 39.37, 0],
		[371, "PAD75_4", 1507.52, -1779.429, "T", "DIP", "$1N2500", "", "O", 78.74, 59.055, 39.37, 39.37, 0],
		[372, "PAD75_4", 1507.52, -1779.429, "B", "DIP", "$1N2500", "", "O", 78.74, 59.055, 39.37, 39.37, 0],
		[373, "PAD76_7", 1507.52, -2079.429, "T", "DIP", "GND", "GND", "O", 78.74, 59.055, 39.37, 39.37, 0],
		[374, "PAD76_7", 1507.52, -2079.429, "B", "DIP", "GND", "GND", "O", 78.74, 59.055, 39.37, 39.37, 0],
		[375, "PAD77_14", 1822.48, -1479.429, "T", "DIP", "+5V", "", "O", 78.74, 59.055, 39.37, 39.37, 0],
		[376, "PAD77_14", 1822.48, -1479.429, "B", "DIP", "+5V", "", "O", 78.74, 59.055, 39.37, 39.37, 0],
		[377, "PAD78_9", 1822.48, -1979.429, "T", "DIP", "CLK", "", "O", 78.74, 59.055, 39.37, 39.37, 0],
		[378, "PAD78_9", 1822.48, -1979.429, "B", "DIP", "CLK", "", "O", 78.74, 59.055, 39.37, 39.37, 0],
		[379, "PAD79_8", 1822.48, -2079.429, "T", "DIP", "~CLK", "", "O", 78.74, 59.055, 39.37, 39.37, 0],
		[380, "PAD79_8", 1822.48, -2079.429, "B", "DIP", "~CLK", "", "O", 78.74, 59.055, 39.37, 39.37, 0],
		[381, "PAD80_1", 2474.49, -1480, "T", "DIP", "$1N2497", "", "R", 78.74, 59.055, 39.37, 39.37, 0],
		[382, "PAD80_1", 2474.49, -1480, "B", "DIP", "$1N2497", "", "R", 78.74, 59.055, 39.37, 39.37, 0],
		[383, "PAD81_2", 2474.49, -1580, "T", "DIP", "$1N2498", "", "O", 78.74, 59.055, 39.37, 39.37, 0],
		[384, "PAD81_2", 2474.49, -1580, "B", "DIP", "$1N2498", "", "O", 78.74, 59.055, 39.37, 39.37, 0],
		[385, "PAD82_3", 2474.49, -1680, "T", "DIP", "$1N2501", "", "O", 78.74, 59.055, 39.37, 39.37, 0],
		[386, "PAD82_3", 2474.49, -1680, "B", "DIP", "$1N2501", "", "O", 78.74, 59.055, 39.37, 39.37, 0],
		[387, "PAD83_7", 2474.49, -2080, "T", "DIP", "GND", "GND", "O", 78.74, 59.055, 39.37, 39.37, 0],
		[388, "PAD83_7", 2474.49, -2080, "B", "DIP", "GND", "GND", "O", 78.74, 59.055, 39.37, 39.37, 0],
		[389, "PAD84_14", 2785.51, -1480, "T", "DIP", "+5V", "", "O", 78.74, 59.055, 39.37, 39.37, 0],
		[390, "PAD84_14", 2785.51, -1480, "B", "DIP", "+5V", "", "O", 78.74, 59.055, 39.37, 39.37, 0],
		[391, "PAD85_1", 2909.96, -1150, "T", "DIP", "$1N2489", "", "R", 70.866, 118.11, 47.244, 98.425, 0],
		[392, "PAD85_1", 2909.96, -1150, "B", "DIP", "$1N2489", "", "R", 70.866, 118.11, 47.244, 98.425, 0],
		[393, "PAD86_2", 3095, -1150, "T", "DIP", "GND", "GND", "O", 70.866, 118.11, 47.244, 98.425, 0],
		[394, "PAD86_2", 3095, -1150, "B", "DIP", "GND", "GND", "O", 70.866, 118.11, 47.244, 98.425, 0],
		[395, "PAD87_3", 3280.04, -1150, "T", "DIP", "$1N2490", "", "O", 70.866, 118.11, 47.244, 98.425, 0],
		[396, "PAD87_3", 3280.04, -1150, "B", "DIP", "$1N2490", "", "O", 70.866, 118.11, 47.244, 98.425, 0],
		[397, "PAD88_1", 3060, -1895, "T", "DIP", "CLK", "", "R", 62.992, 62.992, 39.37, 39.37, 0],
		[398, "PAD88_1", 3060, -1895, "B", "DIP", "CLK", "", "R", 62.992, 62.992, 39.37, 39.37, 0],
		[399, "PAD89_2", 3160, -1895, "T", "DIP", "$1N2511", "", "C", 62.992, 62.992, 39.37, 39.37, 0],
		[400, "PAD89_2", 3160, -1895, "B", "DIP", "$1N2511", "", "C", 62.992, 62.992, 39.37, 39.37, 0]
	]
}
}