{
"lengthUnit": "mil",
"remark": [],
"components": {
	"fields": ["COMPONENT_NO", "COMPONENT_NAME", "LAYER", "X_COORDINATE", "Y_COORDINATE", "ANGLE"],
	"rows": [
		[1, "1)CarryBit\n2)ZeroBit", "T", 894, -1800, 270],
		[2, "1)CLK\n2)CLR", "T", 894, -1200, 270],
		[3, "1)GND\n2)5V", "T", 894, -825, 270],
		[4, "1)Is_Carry\n2)is_Zero", "T", 2470, -1215, 270],
		[5, "74LS173", "T", 1265, -1370, 270],
		[6, "100nF", "T", 1730, -1655, 180],
		[7, "~Flags_In", "T", 895, -1530, 0],
		[8, "LED_IS_CARRY", "T", 2137.8525, -1075.748, 0],
		[9, "LED_IS_ZERO", "T", 2147.8525, -1354.894, 0],
		[10, "R_IS_CARRY", "T", 1750, -1075, 0],
		[11, "R_IS_ZERO", "T", 1750, -1350, 0],
		[12, "PAD1", "T", 894, -1750, 0],
		[13, "PAD1", "B", 894, -1750, 0],
		[14, "PAD2", "T", 894, -1850, 0],
		[15, "PAD2", "B", 894, -1850, 0],
		[16, "PAD3", "T", 894, -1150, 0],
		[17, "PAD3", "B", 894, -1150, 0],
		[18, "PAD4", "T", 894, -1250, 0],
		[19, "PAD4", "B", 894, -1250, 0],
		[20, "PAD5", "T", 894, -775, 0],
		[21, "PAD5", "B", 894, -775, 0],
		[22, "PAD6", "T", 894, -875, 0],
		[23, "PAD6", "B", 894, -875, 0],
		[24, "PAD7", "T", 2470, -1165, 0],
		[25, "PAD7", "B", 2470, -1165, 0],
		[26, "PAD8", "T", 2470, -1265, 0],
		[27, "PAD8", "B", 2470, -1265, 0],
		[28, "PAD9", "T", 1108.7, -1020, 0],
		[29, "PAD9", "B", 1108.7, -1020, 0],
		[30, "PAD10", "T", 1421.3, -1020, 0],
		[31, "PAD10", "B", 1421.3, -1020, 0],
		[32, "PAD11", "T", 1108.7, -1120, 0],
		[33, "PAD11", "B", 1108.7, -1120, 0],
		[34, "PAD12", "T", 1421.3, -1120, 0],
		[35, "PAD12", "B", 1421.3, -1120, 0],
		[36, "PAD13", "T", 1108.7, -1220, 0],
		[37, "PAD13", "B", 1108.7, -1220, 0],
		[38, "PAD14", "T", 1421.3, -1220, 0],
		[39, "PAD14", "B", 1421.3, -1220, 0],
		[40, "PAD15", "T", 1108.7, -1320, 0],
		[41, "PAD15", "B", 1108.7, -1320, 0],
		[42, "PAD16", "T", 1421.3, -1320, 0],
		[43, "PAD16", "B", 1421.3, -1320, 0],
		[44, "PAD17", "T", 1108.7, -1620, 0],
		[45, "PAD17", "B", 1108.7, -1620, 0],
		[46, "PAD18", "T", 1421.3, -1620, 0],
		[47, "PAD18", "B", 1421.3, -1620, 0],
		[48, "PAD19", "T", 1108.7, -1720, 0],
		[49, "PAD19", "B", 1108.7, -1720, 0],
		[50, "PAD20", "T", 1421.3, -1720, 0],
		[51, "PAD20", "B", 1421.3, -1720, 0],
		[52, "PAD21", "T", 1830, -1655, 0],
		[53, "PAD21", "B", 1830, -1655, 0],
		[54, "PAD22", "T", 1630, -1655, 0],
		[55, "PAD22", "B", 1630, -1655, 0],
		[56, "PAD23", "T", 2087.8525, -1075.748, 0],
		[57, "PAD23", "B", 2087.8525, -1075.748, 0],
		[58, "PAD24", "T", 2187.8525, -1075.748, 0],
		[59, "PAD24", "B", 2187.8525, -1075.748, 0],
		[60, "PAD25", "T", 2097.8525, -1354.894, 0],
		[61, "PAD25", "B", 2097.8525, -1354.894, 0],
		[62, "PAD26", "T", 2197.8525, -1354.894, 0],
		[63, "PAD26", "B", 2197.8525, -1354.894, 0],
		[64, "PAD27", "T", 1550, -1075, 0],
		[65, "PAD27", "B", 1550, -1075, 0],
		[66, "PAD28", "T", 1950, -1075, 0],
		[67, "PAD28", "B", 1950, -1075, 0],
		[68, "PAD29", "T", 1550, -1350, 0],
		[69, "PAD29", "B", 1550, -1350, 0],
		[70, "PAD30", "T", 1950, -1350, 0],
		[71, "PAD30", "B", 1950, -1350, 0],
		[72, "PAD31", "T", 895, -1530, 0],
		[73, "PAD31", "B", 895, -1530, 0]
	]
},
"pins": {
	"fields": ["PIN_NO", "PIN_NAME", "PIN_X", "PIN_Y", "LAYER", "PIN_TYPE", "NET_NAME", "NET_TYPE", "PAD_SHAPE", "PAD_SIZEX", "PAD_SIZEY", "HOLE_SIZE", "HOLE_LEN", "PAD_ANGLE"],
	"rows": [
		[1, "1)CarryBit\n2)ZeroBit_1", 894, -1750, "T", "DIP", "CARRY_BIT", "", "R", 78.74, 78.74, 47.244, 47.244, 270],
		[2, "1)CarryBit\n2)ZeroBit_1", 894, -1750, "B", "DIP", "CARRY_BIT", "", "R", 78.74, 78.74, 47.244, 47.244, 270],
		[3, "1)CarryBit\n2)ZeroBit_2", 894, -1850, "T", "DIP", "ZERO_BIT", "", "C", 78.74, 78.74, 47.244, 47.244, 270],
		[4, "1)CarryBit\n2)ZeroBit_2", 894, -1850, "B", "DIP", "ZERO_BIT", "", "C", 78.74, 78.74, 47.244, 47.244, 270],
		[5, "1)CLK\n2)CLR_1", 894, -1150, "T", "DIP", "CLK", "", "R", 78.74, 78.74, 47.244, 47.244, 270],
		[6, "1)CLK\n2)CLR_1", 894, -1150, "B", "DIP", "CLK", "", "R", 78.74, 78.74, 47.244, 47.244, 270],
		[7, "1)CLK\n2)CLR_2", 894, -1250, "T", "DIP", "CLR", "", "C", 78.74, 78.74, 47.244, 47.244, 270],
		[8, "1)CLK\n2)CLR_2", 894, -1250, "B", "DIP", "CLR", "", "C", 78.74, 78.74, 47.244, 47.244, 270],
		[9, "1)GND\n2)5V_1", 894, -775, "T", "DIP", "GND", "GND", "R", 78.74, 78.74, 47.244, 47.244, 270],
		[10, "1)GND\n2)5V_1", 894, -775, "B", "DIP", "GND", "GND", "R", 78.74, 78.74, 47.244, 47.244, 270],
		[11, "1)GND\n2)5V_2", 894, -875, "T", "DIP", "+5V", "", "C", 78.74, 78.74, 47.244, 47.244, 270],
		[12, "1)GND\n2)5V_2", 894, -875, "B", "DIP", "+5V", "", "C", 78.74, 78.74, 47.244, 47.244, 270],
		[13, "1)Is_Carry\n2)is_Zero_1", 2470, -1165, "T", "DIP", "IS_CARRY", "", "R", 78.74, 78.74, 47.244, 47.244, 270],
		[14, "1)Is_Carry\n2)is_Zero_1", 2470, -1165, "B", "DIP", "IS_CARRY", "", "R", 78.74, 78.74, 47.244, 47.244, 270],
		[15, "1)Is_Carry\n2)is_Zero_2", 2470, -1265, "T", "DIP", "IS_ZERO", "", "C", 78.74, 78.74, 47.244, 47.244, 270],
		[16, "1)Is_Carry\n2)is_Zero_2", 2470, -1265, "B", "DIP", "IS_ZERO", "", "C", 78.74, 78.74, 47.244, 47.244, 270],
		[17, "74LS173_1", 1108.7, -1020, "T", "DIP", "GND", "GND", "O", 56.693, 70.866, 31.496, 31.496, 270],
		[18, "74LS173_1", 1108.7, -1020, "B", "DIP", "GND", "GND", "O", 56.693, 70.866, 31.496, 31.496, 270],
		[19, "74LS173_2", 1108.7, -1120, "T", "DIP", "GND", "GND", "O", 56.693, 70.866, 31.496, 31.496, 270],
		[20, "74LS173_2", 1108.7, -1120, "B", "DIP", "GND", "GND", "O", 56.693, 70.866, 31.496, 31.496, 270],
		[21, "74LS173_3", 1108.7, -1220, "T", "DIP", "IS_CARRY", "", "O", 56.693, 70.866, 31.496, 31.496, 270],
		[22, "74LS173_3", 1108.7, -1220, "B", "DIP", "IS_CARRY", "", "O", 56.693, 70.866, 31.496, 31.496, 270],
		[23, "74LS173_4", 1108.7, -1320, "T", "DIP", "IS_ZERO", "", "O", 56.693, 70.866, 31.496, 31.496, 270],
		[24, "74LS173_4", 1108.7, -1320, "B", "DIP", "IS_ZERO", "", "O", 56.693, 70.866, 31.496, 31.496, 270],
		[25, "74LS173_5", 1108.7, -1420, "T", "DIP", "NET_1", "", "O", 56.693, 70.866, 31.496, 31.496, 270],
		[26, "74LS173_5", 1108.7, -1420, "B", "DIP", "NET_1", "", "O", 56.693, 70.866, 31.496, 31.496, 270],
		[27, "74LS173_6", 1108.7, -1520, "T", "DIP", "NET_2", "", "O", 56.693, 70.866, 31.496, 31.496, 270],
		[28, "74LS173_6", 1108.7, -1520, "B", "DIP", "NET_2", "", "O", 56.693, 70.866, 31.496, 31.496, 270],
		[29, "74LS173_7", 1108.7, -1620, "T", "DIP", "CLK", "", "O", 56.693, 70.866, 31.496, 31.496, 270],
		[30, "74LS173_7", 1108.7, -1620, "B", "DIP", "CLK", "", "O", 56.693, 70.866, 31.496, 31.496, 270],
		[31, "74LS173_8", 1108.7, -1720, "T", "DIP", "GND", "GND", "O", 56.693, 70.866, 31.496, 31.496, 270],
		[32, "74LS173_8", 1108.7, -1720, "B", "DIP", "GND", "GND", "O", 56.693, 70.866, 31.496, 31.496, 270],
		[33, "74LS173_9", 1421.3, -1720, "T", "DIP", "~FLAGS_IN", "", "O", 56.693, 70.866, 31.496, 31.496, 270],
		[34, "74LS173_9", 1421.3, -1720, "B", "DIP", "~FLAGS_IN", "", "O", 56.693, 70.866, 31.496, 31.496, 270],
		[35, "74LS173_10", 1421.3, -1620, "T", "DIP", "~FLAGS_IN", "", "O", 56.693, 70.866, 31.496, 31.496, 270],
		[36, "74LS173_10", 1421.3, -1620, "B", "DIP", "~FLAGS_IN", "", "O", 56.693, 70.866, 31.496, 31.496, 270],
		[37, "74LS173_11", 1421.3, -1520, "T", "DIP", "NET_3", "", "O", 56.693, 70.866, 31.496, 31.496, 270],
		[38, "74LS173_11", 1421.3, -1520, "B", "DIP", "NET_3", "", "O", 56.693, 70.866, 31.496, 31.496, 270],
		[39, "74LS173_12", 1421.3, -1420, "T", "DIP", "NET_4", "", "O", 56.693, 70.866, 31.496, 31.496, 270],
		[40, "74LS173_12", 1421.3, -1420, "B", "DIP", "NET_4", "", "O", 56.693, 70.866, 31.496, 31.496, 270],
		[41, "74LS173_13", 1421.3, -1320, "T", "DIP", "ZERO_BIT", "", "O", 56.693, 70.866, 31.496, 31.496, 270],
		[42, "74LS173_13", 1421.3, -1320, "B", "DIP", "ZERO_BIT", "", "O", 56.693, 70.866, 31.496, 31.496, 270],
		[43, "74LS173_14", 1421.3, -1220, "T", "DIP", "CARRY_BIT", "", "O", 56.693, 70.866, 31.496, 31.496, 270],
		[44, "74LS173_14", 1421.3, -1220, "B", "DIP", "CARRY_BIT", "", "O", 56.693, 70.866, 31.496, 31.496, 270],
		[45, "74LS173_15", 1421.3, -1120, "T", "DIP", "CLR", "", "O", 56.693, 70.866, 31.496, 31.496, 270],
		[46, "74LS173_15", 1421.3, -1120, "B", "DIP", "CLR", "", "O", 56.693, 70.866, 31.496, 31.496, 270],
		[47, "74LS173_16", 1421.3, -1020, "T", "DIP", "+5V", "", "O", 56.693, 70.866, 31.496, 31.496, 270],
		[48, "74LS173_16", 1421.3, -1020, "B", "DIP", "+5V", "", "O", 56.693, 70.866, 31.496, 31.496, 270],
		[49, "100nF_1", 1830, -1655, "T", "DIP", "GND", "GND", "C", 70.866, 70.866, 47.244, 47.244, 180],
		[50, "100nF_1", 1830, -1655, "B", "DIP", "GND", "GND", "C", 70.866, 70.866, 47.244, 47.244, 180],
		[51, "100nF_2", 1630, -1655, "T", "DIP", "+5V", "", "C", 70.866, 70.866, 47.244, 47.244, 180],
		[52, "100nF_2", 1630, -1655, "B", "DIP", "+5V", "", "C", 70.866, 70.866, 47.244, 47.244, 180],
		[53, "~Flags_In_1", 895, -1530, "T", "DIP", "~FLAGS_IN", "", "R", 66.929, 66.929, 43.308, 43.308, 0],
		[54, "~Flags_In_1", 895, -1530, "B", "DIP", "~FLAGS_IN", "", "R", 66.929, 66.929, 43.308, 43.308, 0],
		[55, "LED_IS_CARRY_1", 2087.8525, -1075.748, "T", "DIP", "IS_CARRY", "", "R", 62.992, 62.992, 39.37, 39.37, 0],
		[56, "LED_IS_CARRY_1", 2087.8525, -1075.748, "B", "DIP", "IS_CARRY", "", "R", 62.992, 62.992, 39.37, 39.37, 0],
		[57, "LED_IS_CARRY_2", 2187.8525, -1075.748, "T", "DIP", "$1N628", "", "C", 62.992, 62.992, 39.37, 39.37, 0],
		[58, "LED_IS_CARRY_2", 2187.8525, -1075.748, "B", "DIP", "$1N628", "", "C", 62.992, 62.992, 39.37, 39.37, 0],
		[59, "LED_IS_ZERO_1", 2097.8525, -1354.894, "T", "DIP", "IS_ZERO", "", "R", 62.992, 62.992, 39.37, 39.37, 0],
		[60, "LED_IS_ZERO_1", 2097.8525, -1354.894, "B", "DIP", "IS_ZERO", "", "R", 62.992, 62.992, 39.37, 39.37, 0],
		[61, "LED_IS_ZERO_2", 2197.8525, -1354.894, "T", "DIP", "$1N629", "", "C", 62.992, 62.992, 39.37, 39.37, 0],
		[62, "LED_IS_ZERO_2", 2197.8525, -1354.894, "B", "DIP", "$1N629", "", "C", 62.992, 62.992, 39.37, 39.37, 0],
		[63, "R_IS_CARRY_1", 1550, -1075, "T", "DIP", "$1N628", "", "C", 74, 74, 35.4, 35.4, 0],
		[64, "R_IS_CARRY_1", 1550, -1075, "B", "DIP", "$1N628", "", "C", 74, 74, 35.4, 35.4, 0],
		[65, "R_IS_CARRY_2", 1950, -1075, "T", "DIP", "GND", "GND", "C", 74, 74, 35.4, 35.4, 0],
		[66, "R_IS_CARRY_2", 1950, -1075, "B", "DIP", "GND", "GND", "C", 74, 74, 35.4, 35.4, 0],
		[67, "R_IS_ZERO_1", 1550, -1350, "T", "DIP", "$1N629", "", "C", 74, 74, 35.4, 35.4, 0],
		[68, "R_IS_ZERO_1", 1550, -1350, "B", "DIP", "$1N629", "", "C", 74, 74, 35.4, 35.4, 0],
		[69, "R_IS_ZERO_2", 1950, -1350, "T", "DIP", "GND", "GND", "C", 74, 74, 35.4, 35.4, 0],
		[70, "R_IS_ZERO_2", 1950, -1350, "B", "DIP", "GND", "GND", "C", 74, 74, 35.4, 35.4, 0],
		[71, "PAD1_1", 894, -1750, "T", "DIP", "CARRY_BIT", "", "R", 78.74, 78.74, 47.244, 47.244, 270],
		[72, "PAD1_1", 894, -1750, "B", "DIP", "CARRY_BIT", "", "R", 78.74, 78.74, 47.244, 47.244, 270],
		[73, "PAD2_2", 894, -1850, "T", "DIP", "ZERO_BIT", "", "C", 78.74, 78.74, 47.244, 47.244, 270],
		[74, "PAD2_2", 894, -1850, "B", "DIP", "ZERO_BIT", "", "C", 78.74, 78.74, 47.244, 47.244, 270],
		[75, "PAD3_1", 894, -1150, "T", "DIP", "CLK", "", "R", 78.74, 78.74, 47.244, 47.244, 270],
		[76, "PAD3_1", 894, -1150, "B", "DIP", "CLK", "", "R", 78.74, 78.74, 47.244, 47.244, 270],
		[77, "PAD4_2", 894, -1250, "T", "DIP", "CLR", "", "C", 78.74, 78.74, 47.244, 47.244, 270],
		[78, "PAD4_2", 894, -1250, "B", "DIP", "CLR", "", "C", 78.74, 78.74, 47.244, 47.244, 270],
		[79, "PAD5_1", 894, -775, "T", "DIP", "GND", "GND", "R", 78.74, 78.74, 47.244, 47.244, 270],
		[80, "PAD5_1", 894, -775, "B", "DIP", "GND", "GND", "R", 78.74, 78.74, 47.244, 47.244, 270],
		[81, "PAD6_2", 894, -875, "T", "DIP", "+5V", "", "C", 78.74, 78.74, 47.244, 47.244, 270],
		[82, "PAD6_2", 894, -875, "B", "DIP", "+5V", "", "C", 78.74, 78.74, 47.244, 47.244, 270],
		[83, "PAD7_1", 2470, -1165, "T", "DIP", "IS_CARRY", "", "R", 78.74, 78.74, 47.244, 47.244, 270],
		[84, "PAD7_1", 2470, -1165, "B", "DIP", "IS_CARRY", "", "R", 78.74, 78.74, 47.244, 47.244, 270],
		[85, "PAD8_2", 2470, -1265, "T", "DIP", "IS_ZERO", "", "C", 78.74, 78.74, 47.244, 47.244, 270],
		[86, "PAD8_2", 2470, -1265, "B", "DIP", "IS_ZERO", "", "C", 78.74, 78.74, 47.244, 47.244, 270],
		[87, "PAD9_1", 1108.7, -1020, "T", "DIP", "GND", "GND", "O", 56.693, 70.866, 31.496, 31.496, 270],
		[88, "PAD9_1", 1108.7, -1020, "B", "DIP", "GND", "GND", "O", 56.693, 70.866, 31.496, 31.496, 270],
		[89, "PAD10_16", 1421.3, -1020, "T", "DIP", "+5V", "", "O", 56.693, 70.866, 31.496, 31.496, 270],
		[90, "PAD10_16", 1421.3, -1020, "B", "DIP", "+5V", "", "O", 56.693, 70.866, 31.496, 31.496, 270],
		[91, "PAD11_2", 1108.7, -1120, "T", "DIP", "GND", "GND", "O", 56.693, 70.866, 31.496, 31.496, 270],
		[92, "PAD11_2", 1108.7, -1120, "B", "DIP", "GND", "GND", "O", 56.693, 70.866, 31.496, 31.496, 270],
		[93, "PAD12_15", 1421.3, -1120, "T", "DIP", "CLR", "", "O", 56.693, 70.866, 31.496, 31.496, 270],
		[94, "PAD12_15", 1421.3, -1120, "B", "DIP", "CLR", "", "O", 56.693, 70.866, 31.496, 31.496, 270],
		[95, "PAD13_3", 1108.7, -1220, "T", "DIP", "IS_CARRY", "", "O", 56.693, 70.866, 31.496, 31.496, 270],
		[96, "PAD13_3", 1108.7, -1220, "B", "DIP", "IS_CARRY", "", "O", 56.693, 70.866, 31.496, 31.496, 270],
		[97, "PAD14_14", 1421.3, -1220, "T", "DIP", "CARRY_BIT", "", "O", 56.693, 70.866, 31.496, 31.496, 270],
		[98, "PAD14_14", 1421.3, -1220, "B", "DIP", "CARRY_BIT", "", "O", 56.693, 70.866, 31.496, 31.496, 270],
		[99, "PAD15_4", 1108.7, -1320, "T", "DIP", "IS_ZERO", "", "O", 56.693, 70.866, 31.496, 31.496, 270],
		[100, "PAD15_4", 1108.7, -1320, "B", "DIP", "IS_ZERO", "", "O", 56.693, 70.866, 31.496, 31.496, 270],
		[101, "PAD16_13", 1421.3, -1320, "T", "DIP", "ZERO_BIT", "", "O", 56.693, 70.866, 31.496, 31.496, 270],
		[102, "PAD16_13", 1421.3, -1320, "B", "DIP", "ZERO_BIT", "", "O", 56.693, 70.866, 31.496, 31.496, 270],
		[103, "PAD17_7", 1108.7, -1620, "T", "DIP", "CLK", "", "O", 56.693, 70.866, 31.496, 31.496, 270],
		[104, "PAD17_7", 1108.7, -1620, "B", "DIP", "CLK", "", "O", 56.693, 70.866, 31.496, 31.496, 270],
		[105, "PAD18_10", 1421.3, -1620, "T", "DIP", "~FLAGS_IN", "", "O", 56.693, 70.866, 31.496, 31.496, 270],
		[106, "PAD18_10", 1421.3, -1620, "B", "DIP", "~FLAGS_IN", "", "O", 56.693, 70.866, 31.496, 31.496, 270],
		[107, "PAD19_8", 1108.7, -1720, "T", "DIP", "GND", "GND", "O", 56.693, 70.866, 31.496, 31.496, 270],
		[108, "PAD19_8", 1108.7, -1720, "B", "DIP", "GND", "GND", "O", 56.693, 70.866, 31.496, 31.496, 270],
		[109, "PAD20_9", 1421.3, -1720, "T", "DIP", "~FLAGS_IN", "", "O", 56.693, 70.866, 31.496, 31.496, 270],
		[110, "PAD20_9", 1421.3, -1720, "B", "DIP", "~FLAGS_IN", "", "O", 56.693, 70.866, 31.496, 31.496, 270],
		[111, "PAD21_1", 1830, -1655, "T", "DIP", "GND", "GND", "C", 70.866, 70.866, 47.244, 47.244, 180],
		[112, "PAD21_1", 1830, -1655, "B", "DIP", "GND", "GND", "C", 70.866, 70.866, 47.244, 47.244, 180],
		[113, "PAD22_2", 1630, -1655, "T", "DIP", "+5V", "", "C", 70.866, 70.866, 47.244, 47.244, 180],
		[114, "PAD22_2", 1630, -1655, "B", "DIP", "+5V", "", "C", 70.866, 70.866, 47.244, 47.244, 180],
		[115, "PAD23_1", 2087.8525, -1075.748, "T", "DIP", "IS_CARRY", "", "R", 62.992, 62.992, 39.37, 39.37, 0],
		[116, "PAD23_1", 2087.8525, -1075.748, "B", "DIP", "IS_CARRY", "", "R", 62.992, 62.992, 39.37, 39.37, 0],
		[117, "PAD24_2", 2187.8525, -1075.748, "T", "DIP", "$1N628", "", "C", 62.992, 62.992, 39.37, 39.37, 0],
		[118, "PAD24_2", 2187.8525, -1075.748, "B", "DIP", "$1N628", "", "C", 62.992, 62.992, 39.37, 39.37, 0],
		[119, "PAD25_1", 2097.8525, -1354.894, "T", "DIP", "IS_ZERO", "", "R", 62.992, 62.992, 39.37, 39.37, 0],
		[120, "PAD25_1", 2097.8525, -1354.894, "B", "DIP", "IS_ZERO", "", "R", 62.992, 62.992, 39.37, 39.37, 0],
		[121, "PAD26_2", 2197.8525, -1354.894, "T", "DIP", "$1N629", "", "C", 62.992, 62.992, 39.37, 39.37, 0],
		[122, "PAD26_2", 2197.8525, -1354.894, "B", "DIP", "$1N629", "", "C", 62.992, 62.992, 39.37, 39.37, 0],
		[123, "PAD27_1", 1550, -1075, "T", "DIP", "$1N628", "", "C", 74, 74, 35.4, 35.4, 0],
		[124, "PAD27_1", 1550, -1075, "B", "DIP", "$1N628", "", "C", 74, 74, 35.4, 35.4, 0],
		[125, "PAD28_2", 1950, -1075, "T", "DIP", "GND", "GND", "C", 74, 74, 35.4, 35.4, 0],
		[126, "PAD28_2", 1950, -1075, "B", "DIP", "GND", "GND", "C", 74, 74, 35.4, 35.4, 0],
		[127, "PAD29_1", 1550, -1350, "T", "DIP", "$1N629", "", "C", 74, 74, 35.4, 35.4, 0],
		[128, "PAD29_1", 1550, -1350, "B", "DIP", "$1N629", "", "C", 74, 74, 35.4, 35.4, 0],
		[129, "PAD30_2", 1950, -1350, "T", "DIP", "GND", "GND", "C", 74, 74, 35.4, 35.4, 0],
		[130, "PAD30_2", 1950, -1350, "B", "DIP", "GND", "GND", "C", 74, 74, 35.4, 35.4, 0],
		[131, "PAD31_1", 895, -1530, "T", "DIP", "~FLAGS_IN", "", "R", 66.929, 66.929, 43.308, 43.308, 0],
		[132, "PAD31_1", 895, -1530, "B", "DIP", "~FLAGS_IN", "", "R", 66.929, 66.929, 43.308, 43.308, 0]
	]
}
}