{
"lengthUnit": "mil",
"remark": [],
"components": {
	"fields": ["COMPONENT_NO", "COMPONENT_NAME", "LAYER", "X_COORDINATE", "Y_COORDINATE", "ANGLE"],
	"rows": [
		[1, "1)5V\n2)GND", "T", 1794, -777.923, 270],
		[2, "1)CLK\n2)~CLR", "T", 1794, -1060.5805, 270],
		[3, "1)Count_En\n2)~Count_Out", "T", 1794, -1827.8955, 270],
		[4, "74LS245", "T", 1062.009, -1025, 0],
		[5, "100nF", "T", 1070, -1860, 0],
		[6, "~Jump", "T", 1795, -2061.553, 0],
		[7, "BUS", "T", 1795, -1444.238, 270],
		[8, "LED1", "T", -145.1365, -956.85, 0],
		[9, "LED2", "T", -145.1365, -1236.535, 0],
		[10, "LED3", "T", -145.1365, -1516.22, 0],
		[11, "LED4", "T", -145.1365, -1795.905, 0],
		[12, "R_1", "T", 253.3805, -956.85, 0],
		[13, "R_2", "T", 253.3805, -1236.535, 0],
		[14, "R_3", "T", 253.3805, -1516.22, 0],
		[15, "R_4", "T", 253.3805, -1795.905, 0],
		[16, "U1", "T", 1070, -1515, 0],
		[17, "PAD1", "T", 1794, -1010.5805, 0],
		[18, "PAD1", "B", 1794, -1010.5805, 0],
		[19, "PAD2", "T", 1794, -1110.5805, 0],
		[20, "PAD2", "B", 1794, -1110.5805, 0],
		[21, "PAD3", "T", 1794, -727.923, 0],
		[22, "PAD3", "B", 1794, -727.923, 0],
		[23, "PAD4", "T", 1794, -827.923, 0],
		[24, "PAD4", "B", 1794, -827.923, 0],
		[25, "PAD5", "T", 1794, -1777.8955, 0],
		[26, "PAD5", "B", 1794, -1777.8955, 0],
		[27, "PAD6", "T", 1794, -1877.8955, 0],
		[28, "PAD6", "B", 1794, -1877.8955, 0],
		[29, "PAD7", "T", 612.009, -875, 0],
		[30, "PAD7", "B", 612.009, -875, 0],
		[31, "PAD8", "T", 712.009, -875, 0],
		[32, "PAD8", "B", 712.009, -875, 0],
		[33, "PAD9", "T", 812.009, -875, 0],
		[34, "PAD9", "B", 812.009, -875, 0],
		[35, "PAD10", "T", 912.009, -875, 0],
		[36, "PAD10", "B", 912.009, -875, 0],
		[37, "PAD11", "T", 1012.009, -875, 0],
		[38, "PAD11", "B", 1012.009, -875, 0],
		[39, "PAD12", "T", 1112.009, -875, 0],
		[40, "PAD12", "B", 1112.009, -875, 0],
		[41, "PAD13", "T", 1512.009, -1175, 0],
		[42, "PAD13", "B", 1512.009, -1175, 0],
		[43, "PAD14", "T", 912.009, -1175, 0],
		[44, "PAD14", "B", 912.009, -1175, 0],
		[45, "PAD15", "T", 812.009, -1175, 0],
		[46, "PAD15", "B", 812.009, -1175, 0],
		[47, "PAD16", "T", 1012.009, -1175, 0],
		[48, "PAD16", "B", 1012.009, -1175, 0],
		[49, "PAD17", "T", 712.009, -1175, 0],
		[50, "PAD17", "B", 712.009, -1175, 0],
		[51, "PAD18", "T", 612.009, -1175, 0],
		[52, "PAD18", "B", 612.009, -1175, 0],
		[53, "PAD19", "T", 1795, -1294.238, 0],
		[54, "PAD19", "B", 1795, -1294.238, 0],
		[55, "PAD20", "T", 1795, -1394.238, 0],
		[56, "PAD20", "B", 1795, -1394.238, 0],
		[57, "PAD21", "T", 1795, -1494.238, 0],
		[58, "PAD21", "B", 1795, -1494.238, 0],
		[59, "PAD22", "T", 1795, -1594.238, 0],
		[60, "PAD22", "B", 1795, -1594.238, 0],
		[61, "PAD23", "T", 970, -1860, 0],
		[62, "PAD23", "B", 970, -1860, 0],
		[63, "PAD24", "T", 1170, -1860, 0],
		[64, "PAD24", "B", 1170, -1860, 0],
		[65, "PAD25", "T", -195.1365, -956.85, 0],
		[66, "PAD25", "B", -195.1365, -956.85, 0],
		[67, "PAD26", "T", -95.1365, -956.85, 0],
		[68, "PAD26", "B", -95.1365, -956.85, 0],
		[69, "PAD27", "T", -195.1365, -1236.535, 0],
		[70, "PAD27", "B", -195.1365, -1236.535, 0],
		[71, "PAD28", "T", -95.1365, -1236.535, 0],
		[72, "PAD28", "B", -95.1365, -1236.535, 0],
		[73, "PAD29", "T", -195.1365, -1516.22, 0],
		[74, "PAD29", "B", -195.1365, -1516.22, 0],
		[75, "PAD30", "T", -95.1365, -1516.22, 0],
		[76, "PAD30", "B", -95.1365, -1516.22, 0],
		[77, "PAD31", "T", -195.1365, -1795.905, 0],
		[78, "PAD31", "B", -195.1365, -1795.905, 0],
		[79, "PAD32", "T", -95.1365, -1795.905, 0],
		[80, "PAD32", "B", -95.1365, -1795.905, 0],
		[81, "PAD33", "T", 53.3805, -956.85, 0],
		[82, "PAD33", "B", 53.3805, -956.85, 0],
		[83, "PAD34", "T", 453.3805, -956.85, 0],
		[84, "PAD34", "B", 453.3805, -956.85, 0],
		[85, "PAD35", "T", 53.3805, -1236.535, 0],
		[86, "PAD35", "B", 53.3805, -1236.535, 0],
		[87, "PAD36", "T", 453.3805, -1236.535, 0],
		[88, "PAD36", "B", 453.3805, -1236.535, 0],
		[89, "PAD37", "T", 53.3805, -1516.22, 0],
		[90, "PAD37", "B", 53.3805, -1516.22, 0],
		[91, "PAD38", "T", 453.3805, -1516.22, 0],
		[92, "PAD38", "B", 453.3805, -1516.22, 0],
		[93, "PAD39", "T", 53.3805, -1795.905, 0],
		[94, "PAD39", "B", 53.3805, -1795.905, 0],
		[95, "PAD40", "T", 453.3805, -1795.905, 0],
		[96, "PAD40", "B", 453.3805, -1795.905, 0],
		[97, "PAD41", "T", 720, -1671.3, 0],
		[98, "PAD41", "B", 720, -1671.3, 0],
		[99, "PAD42", "T", 820, -1671.3, 0],
		[100, "PAD42", "B", 820, -1671.3, 0],
		[101, "PAD43", "T", 1320, -1671.3, 0],
		[102, "PAD43", "B", 1320, -1671.3, 0],
		[103, "PAD44", "T", 1420, -1671.3, 0],
		[104, "PAD44", "B", 1420, -1671.3, 0],
		[105, "PAD45", "T", 920, -1671.3, 0],
		[106, "PAD45", "B", 920, -1671.3, 0],
		[107, "PAD46", "T", 1020, -1671.3, 0],
		[108, "PAD46", "B", 1020, -1671.3, 0],
		[109, "PAD47", "T", 1220, -1671.3, 0],
		[110, "PAD47", "B", 1220, -1671.3, 0],
		[111, "PAD48", "T", 1120, -1671.3, 0],
		[112, "PAD48", "B", 1120, -1671.3, 0],
		[113, "PAD49", "T", 1420, -1358.7, 0],
		[114, "PAD49", "B", 1420, -1358.7, 0],
		[115, "PAD50", "T", 1320, -1358.7, 0],
		[116, "PAD50", "B", 1320, -1358.7, 0],
		[117, "PAD51", "T", 1220, -1358.7, 0],
		[118, "PAD51", "B", 1220, -1358.7, 0],
		[119, "PAD52", "T", 1120, -1358.7, 0],
		[120, "PAD52", "B", 1120, -1358.7, 0],
		[121, "PAD53", "T", 1020, -1358.7, 0],
		[122, "PAD53", "B", 1020, -1358.7, 0],
		[123, "PAD54", "T", 920, -1358.7, 0],
		[124, "PAD54", "B", 920, -1358.7, 0],
		[125, "PAD55", "T", 720, -1358.7, 0],
		[126, "PAD55", "B", 720, -1358.7, 0],
		[127, "PAD56", "T", 1795, -2061.553, 0],
		[128, "PAD56", "B", 1795, -2061.553, 0]
	]
},
"pins": {
	"fields": ["PIN_NO", "PIN_NAME", "PIN_X", "PIN_Y", "LAYER", "PIN_TYPE", "NET_NAME", "NET_TYPE", "PAD_SHAPE", "PAD_SIZEX", "PAD_SIZEY", "HOLE_SIZE", "HOLE_LEN", "PAD_ANGLE"],
	"rows": [
		[1, "1)5V\n2)GND_1", 1794, -727.923, "T", "DIP", "+5V", "", "R", 78.74, 78.74, 47.244, 47.244, 270],
		[2, "1)5V\n2)GND_1", 1794, -727.923, "B", "DIP", "+5V", "", "R", 78.74, 78.74, 47.244, 47.244, 270],
		[3, "1)5V\n2)GND_2", 1794, -827.923, "T", "DIP", "GND", "GND", "C", 78.74, 78.74, 47.244, 47.244, 270],
		[4, "1)5V\n2)GND_2", 1794, -827.923, "B", "DIP", "GND", "GND", "C", 78.74, 78.74, 47.244, 47.244, 270],
		[5, "1)CLK\n2)~CLR_1", 1794, -1010.5805, "T", "DIP", "CLK", "", "R", 78.74, 78.74, 47.244, 47.244, 270],
		[6, "1)CLK\n2)~CLR_1", 1794, -1010.5805, "B", "DIP", "CLK", "", "R", 78.74, 78.74, 47.244, 47.244, 270],
		[7, "1)CLK\n2)~CLR_2", 1794, -1110.5805, "T", "DIP", "~CLR", "", "C", 78.74, 78.74, 47.244, 47.244, 270],
		[8, "1)CLK\n2)~CLR_2", 1794, -1110.5805, "B", "DIP", "~CLR", "", "C", 78.74, 78.74, 47.244, 47.244, 270],
		[9, "1)Count_En\n2)~Count_Out_1", 1794, -1777.8955, "T", "DIP", "COUNT_EN", "", "R", 78.74, 78.74, 47.244, 47.244, 270],
		[10, "1)Count_En\n2)~Count_Out_1", 1794, -1777.8955, "B", "DIP", "COUNT_EN", "", "R", 78.74, 78.74, 47.244, 47.244, 270],
		[11, "1)Count_En\n2)~Count_Out_2", 1794, -1877.8955, "T", "DIP", "~COUNT_OUT", "", "C", 78.74, 78.74, 47.244, 47.244, 270],
		[12, "1)Count_En\n2)~Count_Out_2", 1794, -1877.8955, "B", "DIP", "~COUNT_OUT", "", "C", 78.74, 78.74, 47.244, 47.244, 270],
		[13, "74LS245_1", 612.009, -1175, "T", "DIP", "+5V", "", "C", 59.055, 59.055, 33.464, 33.464, 0],
		[14, "74LS245_1", 612.009, -1175, "B", "DIP", "+5V", "", "C", 59.055, 59.055, 33.464, 33.464, 0],
		[15, "74LS245_2", 712.009, -1175, "T", "DIP", "$1N843", "", "C", 59.055, 59.055, 33.464, 33.464, 0],
		[16, "74LS245_2", 712.009, -1175, "B", "DIP", "$1N843", "", "C", 59.055, 59.055, 33.464, 33.464, 0],
		[17, "74LS245_3", 812.009, -1175, "T", "DIP", "$1N844", "", "C", 59.055, 59.055, 33.464, 33.464, 0],
		[18, "74LS245_3", 812.009, -1175, "B", "DIP", "$1N844", "", "C", 59.055, 59.055, 33.464, 33.464, 0],
		[19, "74LS245_4", 912.009, -1175, "T", "DIP", "$1N846", "", "C", 59.055, 59.055, 33.464, 33.464, 0],
		[20, "74LS245_4", 912.009, -1175, "B", "DIP", "$1N846", "", "C", 59.055, 59.055, 33.464, 33.464, 0],
		[21, "74LS245_5", 1012.009, -1175, "T", "DIP", "$1N845", "", "C", 59.055, 59.055, 33.464, 33.464, 0],
		[22, "74LS245_5", 1012.009, -1175, "B", "DIP", "$1N845", "", "C", 59.055, 59.055, 33.464, 33.464, 0],
		[23, "74LS245_6", 1112.009, -1175, "T", "DIP", "NET_1", "", "C", 59.055, 59.055, 33.464, 33.464, 0],
		[24, "74LS245_6", 1112.009, -1175, "B", "DIP", "NET_1", "", "C", 59.055, 59.055, 33.464, 33.464, 0],
		[25, "74LS245_7", 1212.009, -1175, "T", "DIP", "NET_2", "", "C", 59.055, 59.055, 33.464, 33.464, 0],
		[26, "74LS245_7", 1212.009, -1175, "B", "DIP", "NET_2", "", "C", 59.055, 59.055, 33.464, 33.464, 0],
		[27, "74LS245_8", 1312.009, -1175, "T", "DIP", "NET_3", "", "C", 59.055, 59.055, 33.464, 33.464, 0],
		[28, "74LS245_8", 1312.009, -1175, "B", "DIP", "NET_3", "", "C", 59.055, 59.055, 33.464, 33.464, 0],
		[29, "74LS245_9", 1412.009, -1175, "T", "DIP", "NET_4", "", "C", 59.055, 59.055, 33.464, 33.464, 0],
		[30, "74LS245_9", 1412.009, -1175, "B", "DIP", "NET_4", "", "C", 59.055, 59.055, 33.464, 33.464, 0],
		[31, "74LS245_10", 1512.009, -1175, "T", "DIP", "GND", "GND", "C", 59.055, 59.055, 33.464, 33.464, 0],
		[32, "74LS245_10", 1512.009, -1175, "B", "DIP", "GND", "GND", "C", 59.055, 59.055, 33.464, 33.464, 0],
		[33, "74LS245_11", 1512.009, -875, "T", "DIP", "NET_5", "", "C", 59.055, 59.055, 33.464, 33.464, 0],
		[34, "74LS245_11", 1512.009, -875, "B", "DIP", "NET_5", "", "C", 59.055, 59.055, 33.464, 33.464, 0],
		[35, "74LS245_12", 1412.009, -875, "T", "DIP", "NET_6", "", "C", 59.055, 59.055, 33.464, 33.464, 0],
		[36, "74LS245_12", 1412.009, -875, "B", "DIP", "NET_6", "", "C", 59.055, 59.055, 33.464, 33.464, 0],
		[37, "74LS245_13", 1312.009, -875, "T", "DIP", "NET_7", "", "C", 59.055, 59.055, 33.464, 33.464, 0],
		[38, "74LS245_13", 1312.009, -875, "B", "DIP", "NET_7", "", "C", 59.055, 59.055, 33.464, 33.464, 0],
		[39, "74LS245_14", 1212.009, -875, "T", "DIP", "NET_8", "", "C", 59.055, 59.055, 33.464, 33.464, 0],
		[40, "74LS245_14", 1212.009, -875, "B", "DIP", "NET_8", "", "C", 59.055, 59.055, 33.464, 33.464, 0],
		[41, "74LS245_15", 1112.009, -875, "T", "DIP", "BUS_4", "", "C", 59.055, 59.055, 33.464, 33.464, 0],
		[42, "74LS245_15", 1112.009, -875, "B", "DIP", "BUS_4", "", "C", 59.055, 59.055, 33.464, 33.464, 0],
		[43, "74LS245_16", 1012.009, -875, "T", "DIP", "BUS_3", "", "C", 59.055, 59.055, 33.464, 33.464, 0],
		[44, "74LS245_16", 1012.009, -875, "B", "DIP", "BUS_3", "", "C", 59.055, 59.055, 33.464, 33.464, 0],
		[45, "74LS245_17", 912.009, -875, "T", "DIP", "BUS_2", "", "C", 59.055, 59.055, 33.464, 33.464, 0],
		[46, "74LS245_17", 912.009, -875, "B", "DIP", "BUS_2", "", "C", 59.055, 59.055, 33.464, 33.464, 0],
		[47, "74LS245_18", 812.009, -875, "T", "DIP", "BUS_1", "", "C", 59.055, 59.055, 33.464, 33.464, 0],
		[48, "74LS245_18", 812.009, -875, "B", "DIP", "BUS_1", "", "C", 59.055, 59.055, 33.464, 33.464, 0],
		[49, "74LS245_19", 712.009, -875, "T", "DIP", "~COUNT_OUT", "", "C", 59.055, 59.055, 33.464, 33.464, 0],
		[50, "74LS245_19", 712.009, -875, "B", "DIP", "~COUNT_OUT", "", "C", 59.055, 59.055, 33.464, 33.464, 0],
		[51, "74LS245_20", 612.009, -875, "T", "DIP", "+5V", "", "C", 59.055, 59.055, 33.464, 33.464, 0],
		[52, "74LS245_20", 612.009, -875, "B", "DIP", "+5V", "", "C", 59.055, 59.055, 33.464, 33.464, 0],
		[53, "100nF_1", 970, -1860, "T", "DIP", "+5V", "", "C", 70.866, 70.866, 47.244, 47.244, 0],
		[54, "100nF_1", 970, -1860, "B", "DIP", "+5V", "", "C", 70.866, 70.866, 47.244, 47.244, 0],
		[55, "100nF_2", 1170, -1860, "T", "DIP", "GND", "GND", "C", 70.866, 70.866, 47.244, 47.244, 0],
		[56, "100nF_2", 1170, -1860, "B", "DIP", "GND", "GND", "C", 70.866, 70.866, 47.244, 47.244, 0],
		[57, "~Jump_1", 1795, -2061.553, "T", "DIP", "~JUMP", "", "R", 66.929, 66.929, 43.308, 43.308, 0],
		[58, "~Jump_1", 1795, -2061.553, "B", "DIP", "~JUMP", "", "R", 66.929, 66.929, 43.308, 43.308, 0],
		[59, "BUS_1", 1795, -1294.238, "T", "DIP", "BUS_1", "", "R", 66.929, 66.929, 43.308, 43.308, 270],
		[60, "BUS_1", 1795, -1294.238, "B", "DIP", "BUS_1", "", "R", 66.929, 66.929, 43.308, 43.308, 270],
		[61, "BUS_2", 1795, -1394.238, "T", "DIP", "BUS_2", "", "C", 66.929, 66.929, 43.308, 43.308, 270],
		[62, "BUS_2", 1795, -1394.238, "B", "DIP", "BUS_2", "", "C", 66.929, 66.929, 43.308, 43.308, 270],
		[63, "BUS_3", 1795, -1494.238, "T", "DIP", "BUS_3", "", "C", 66.929, 66.929, 43.308, 43.308, 270],
		[64, "BUS_3", 1795, -1494.238, "B", "DIP", "BUS_3", "", "C", 66.929, 66.929, 43.308, 43.308, 270],
		[65, "BUS_4", 1795, -1594.238, "T", "DIP", "BUS_4", "", "C", 66.929, 66.929, 43.308, 43.308, 270],
		[66, "BUS_4", 1795, -1594.238, "B", "DIP", "BUS_4", "", "C", 66.929, 66.929, 43.308, 43.308, 270],
		[67, "LED1_1", -195.1365, -956.85, "T", "DIP", "$1N843", "", "R", 62.992, 62.992, 39.37, 39.37, 0],
		[68, "LED1_1", -195.1365, -956.85, "B", "DIP", "$1N843", "", "R", 62.992, 62.992, 39.37, 39.37, 0],
		[69, "LED1_2", -95.1365, -956.85, "T", "DIP", "$1N847", "", "C", 62.992, 62.992, 39.37, 39.37, 0],
		[70, "LED1_2", -95.1365, -956.85, "B", "DIP", "$1N847", "", "C", 62.992, 62.992, 39.37, 39.37, 0],
		[71, "LED2_1", -195.1365, -1236.535, "T", "DIP", "$1N844", "", "R", 62.992, 62.992, 39.37, 39.37, 0],
		[72, "LED2_1", -195.1365, -1236.535, "B", "DIP", "$1N844", "", "R", 62.992, 62.992, 39.37, 39.37, 0],
		[73, "LED2_2", -95.1365, -1236.535, "T", "DIP", "$1N848", "", "C", 62.992, 62.992, 39.37, 39.37, 0],
		[74, "LED2_2", -95.1365, -1236.535, "B", "DIP", "$1N848", "", "C", 62.992, 62.992, 39.37, 39.37, 0],
		[75, "LED3_1", -195.1365, -1516.22, "T", "DIP", "$1N846", "", "R", 62.992, 62.992, 39.37, 39.37, 0],
		[76, "LED3_1", -195.1365, -1516.22, "B", "DIP", "$1N846", "", "R", 62.992, 62.992, 39.37, 39.37, 0],
		[77, "LED3_2", -95.1365, -1516.22, "T", "DIP", "$1N849", "", "C", 62.992, 62.992, 39.37, 39.37, 0],
		[78, "LED3_2", -95.1365, -1516.22, "B", "DIP", "$1N849", "", "C", 62.992, 62.992, 39.37, 39.37, 0],
		[79, "LED4_1", -195.1365, -1795.905, "T", "DIP", "$1N845", "", "R", 62.992, 62.992, 39.37, 39.37, 0],
		[80, "LED4_1", -195.1365, -1795.905, "B", "DIP", "$1N845", "", "R", 62.992, 62.992, 39.37, 39.37, 0],
		[81, "LED4_2", -95.1365, -1795.905, "T", "DIP", "$1N850", "", "C", 62.992, 62.992, 39.37, 39.37, 0],
		[82, "LED4_2", -95.1365, -1795.905, "B", "DIP", "$1N850", "", "C", 62.992, 62.992, 39.37, 39.37, 0],
		[83, "R_1_1", 53.3805, -956.85, "T", "DIP", "$1N847", "", "C", 74, 74, 35.4, 35.4, 0],
		[84, "R_1_1", 53.3805, -956.85, "B", "DIP", "$1N847", "", "C", 74, 74, 35.4, 35.4, 0],
		[85, "R_1_2", 453.3805, -956.85, "T", "DIP", "GND", "GND", "C", 74, 74, 35.4, 35.4, 0],
		[86, "R_1_2", 453.3805, -956.85, "B", "DIP", "GND", "GND", "C", 74, 74, 35.4, 35.4, 0],
		[87, "R_2_1", 53.3805, -1236.535, "T", "DIP", "$1N848", "", "C", 74, 74, 35.4, 35.4, 0],
		[88, "R_2_1", 53.3805, -1236.535, "B", "DIP", "$1N848", "", "C", 74, 74, 35.4, 35.4, 0],
		[89, "R_2_2", 453.3805, -1236.535, "T", "DIP", "GND", "GND", "C", 74, 74, 35.4, 35.4, 0],
		[90, "R_2_2", 453.3805, -1236.535, "B", "DIP", "GND", "GND", "C", 74, 74, 35.4, 35.4, 0],
		[91, "R_3_1", 53.3805, -1516.22, "T", "DIP", "$1N849", "", "C", 74, 74, 35.4, 35.4, 0],
		[92, "R_3_1", 53.3805, -1516.22, "B", "DIP", "$1N849", "", "C", 74, 74, 35.4, 35.4, 0],
		[93, "R_3_2", 453.3805, -1516.22, "T", "DIP", "GND", "GND", "C", 74, 74, 35.4, 35.4, 0],
		[94, "R_3_2", 453.3805, -1516.22, "B", "DIP", "GND", "GND", "C", 74, 74, 35.4, 35.4, 0],
		[95, "R_4_1", 53.3805, -1795.905, "T", "DIP", "$1N850", "", "C", 74, 74, 35.4, 35.4, 0],
		[96, "R_4_1", 53.3805, -1795.905, "B", "DIP", "$1N850", "", "C", 74, 74, 35.4, 35.4, 0],
		[97, "R_4_2", 453.3805, -1795.905, "T", "DIP", "GND", "GND", "C", 74, 74, 35.4, 35.4, 0],
		[98, "R_4_2", 453.3805, -1795.905, "B", "DIP", "GND", "GND", "C", 74, 74, 35.4, 35.4, 0],
		[99, "U1_1", 720, -1671.3, "T", "DIP", "~CLR", "", "R", 66.929, 66.929, 39.37, 39.37, 90],
		[100, "U1_1", 720, -1671.3, "B", "DIP", "~CLR", "", "R", 66.929, 66.929, 39.37, 39.37, 90],
		[101, "U1_2", 820, -1671.3, "T", "DIP", "CLK", "", "C", 66.929, 66.929, 39.37, 39.37, 90],
		[102, "U1_2", 820, -1671.3, "B", "DIP", "CLK", "", "C", 66.929, 66.929, 39.37, 39.37, 90],
		[103, "U1_3", 920, -1671.3, "T", "DIP", "BUS_1", "", "C", 66.929, 66.929, 39.37, 39.37, 90],
		[104, "U1_3", 920, -1671.3, "B", "DIP", "BUS_1", "", "C", 66.929, 66.929, 39.37, 39.37, 90],
		[105, "U1_4", 1020, -1671.3, "T", "DIP", "BUS_2", "", "C", 66.929, 66.929, 39.37, 39.37, 90],
		[106, "U1_4", 1020, -1671.3, "B", "DIP", "BUS_2", "", "C", 66.929, 66.929, 39.37, 39.37, 90],
		[107, "U1_5", 1120, -1671.3, "T", "DIP", "BUS_3", "", "C", 66.929, 66.929, 39.37, 39.37, 90],
		[108, "U1_5", 1120, -1671.3, "B", "DIP", "BUS_3", "", "C", 66.929, 66.929, 39.37, 39.37, 90],
		[109, "U1_6", 1220, -1671.3, "T", "DIP", "BUS_4", "", "C", 66.929, 66.929, 39.37, 39.37, 90],
		[110, "U1_6", 1220, -1671.3, "B", "DIP", "BUS_4", "", "C", 66.929, 66.929, 39.37, 39.37, 90],
		[111, "U1_7", 1320, -1671.3, "T", "DIP", "COUNT_EN", "", "C", 66.929, 66.929, 39.37, 39.37, 90],
		[112, "U1_7", 1320, -1671.3, "B", "DIP", "COUNT_EN", "", "C", 66.929, 66.929, 39.37, 39.37, 90],
		[113, "U1_8", 1420, -1671.3, "T", "DIP", "GND", "GND", "C", 66.929, 66.929, 39.37, 39.37, 90],
		[114, "U1_8", 1420, -1671.3, "B", "DIP", "GND", "GND", "C", 66.929, 66.929, 39.37, 39.37, 90],
		[115, "U1_9", 1420, -1358.7, "T", "DIP", "~JUMP", "", "C", 66.929, 66.929, 39.37, 39.37, 90],
		[116, "U1_9", 1420, -1358.7, "B", "DIP", "~JUMP", "", "C", 66.929, 66.929, 39.37, 39.37, 90],
		[117, "U1_10", 1320, -1358.7, "T", "DIP", "COUNT_EN", "", "C", 66.929, 66.929, 39.37, 39.37, 90],
		[118, "U1_10", 1320, -1358.7, "B", "DIP", "COUNT_EN", "", "C", 66.929, 66.929, 39.37, 39.37, 90],
		[119, "U1_11", 1220, -1358.7, "T", "DIP", "$1N845", "", "C", 66.929, 66.929, 39.37, 39.37, 90],
		[120, "U1_11", 1220, -1358.7, "B", "DIP", "$1N845", "", "C", 66.929, 66.929, 39.37, 39.37, 90],
		[121, "U1_12", 1120, -1358.7, "T", "DIP", "$1N846", "", "C", 66.929, 66.929, 39.37, 39.37, 90],
		[122, "U1_12", 1120, -1358.7, "B", "DIP", "$1N846", "", "C", 66.929, 66.929, 39.37, 39.37, 90],
		[123, "U1_13", 1020, -1358.7, "T", "DIP", "$1N844", "", "C", 66.929, 66.929, 39.37, 39.37, 90],
		[124, "U1_13", 1020, -1358.7, "B", "DIP", "$1N844", "", "C", 66.929, 66.929, 39.37, 39.37, 90],
		[125, "U1_14", 920, -1358.7, "T", "DIP", "$1N843", "", "C", 66.929, 66.929, 39.37, 39.37, 90],
		[126, "U1_14", 920, -1358.7, "B", "DIP", "$1N843", "", "C", 66.929, 66.929, 39.37, 39.37, 90],
		[127, "U1_15", 820, -1358.7, "T", "DIP", "NET_9", "", "C", 66.929, 66.929, 39.37, 39.37, 90],
		[128, "U1_15", 820, -1358.7, "B", "DIP", "NET_9", "", "C", 66.929, 66.929, 39.37, 39.37, 90],
		[129, "U1_16", 720, -1358.7, "T", "DIP", "+5V", "", "C", 66.929, 66.929, 39.37, 39.37, 90],
		[130, "U1_16", 720, -1358.7, "B", "DIP", "+5V", "", "C", 66.929, 66.929, 39.37, 39.37, 90],
		[131, "PAD1_1", 1794, -1010.5805, "T", "DIP", "CLK", "", "R", 78.74, 78.74, 47.244, 47.244, 270],
		[132, "PAD1_1", 1794, -1010.5805, "B", "DIP", "CLK", "", "R", 78.74, 78.74, 47.244, 47.244, 270],
		[133, "PAD2_2", 1794, -1110.5805, "T", "DIP", "~CLR", "", "C", 78.74, 78.74, 47.244, 47.244, 270],
		[134, "PAD2_2", 1794, -1110.5805, "B", "DIP", "~CLR", "", "C", 78.74, 78.74, 47.244, 47.244, 270],
		[135, "PAD3_1", 1794, -727.923, "T", "DIP", "+5V", "", "R", 78.74, 78.74, 47.244, 47.244, 270],
		[136, "PAD3_1", 1794, -727.923, "B", "DIP", "+5V", "", "R", 78.74, 78.74, 47.244, 47.244, 270],
		[137, "PAD4_2", 1794, -827.923, "T", "DIP", "GND", "GND", "C", 78.74, 78.74, 47.244, 47.244, 270],
		[138, "PAD4_2", 1794, -827.923, "B", "DIP", "GND", "GND", "C", 78.74, 78.74, 47.244, 47.244, 270],
		[139, "PAD5_1", 1794, -1777.8955, "T", "DIP", "COUNT_EN", "", "R", 78.74, 78.74, 47.244, 47.244, 270],
		[140, "PAD5_1", 1794, -1777.8955, "B", "DIP", "COUNT_EN", "", "R", 78.74, 78.74, 47.244, 47.244, 270],
		[141, "PAD6_2", 1794, -1877.8955, "T", "DIP", "~COUNT_OUT", "", "C", 78.74, 78.74, 47.244, 47.244, 270],
		[142, "PAD6_2", 1794, -1877.8955, "B", "DIP", "~COUNT_OUT", "", "C", 78.74, 78.74, 47.244, 47.244, 270],
		[143, "PAD7_20", 612.009, -875, "T", "DIP", "+5V", "", "C", 59.055, 59.055, 33.464, 33.464, 0],
		[144, "PAD7_20", 612.009, -875, "B", "DIP", "+5V", "", "C", 59.055, 59.055, 33.464, 33.464, 0],
		[145, "PAD8_19", 712.009, -875, "T", "DIP", "~COUNT_OUT", "", "C", 59.055, 59.055, 33.464, 33.464, 0],
		[146, "PAD8_19", 712.009, -875, "B", "DIP", "~COUNT_OUT", "", "C", 59.055, 59.055, 33.464, 33.464, 0],
		[147, "PAD9_18", 812.009, -875, "T", "DIP", "BUS_1", "", "C", 59.055, 59.055, 33.464, 33.464, 0],
		[148, "PAD9_18", 812.009, -875, "B", "DIP", "BUS_1", "", "C", 59.055, 59.055, 33.464, 33.464, 0],
		[149, "PAD10_17", 912.009, -875, "T", "DIP", "BUS_2", "", "C", 59.055, 59.055, 33.464, 33.464, 0],
		[150, "PAD10_17", 912.009, -875, "B", "DIP", "BUS_2", "", "C", 59.055, 59.055, 33.464, 33.464, 0],
		[151, "PAD11_16", 1012.009, -875, "T", "DIP", "BUS_3", "", "C", 59.055, 59.055, 33.464, 33.464, 0],
		[152, "PAD11_16", 1012.009, -875, "B", "DIP", "BUS_3", "", "C", 59.055, 59.055, 33.464, 33.464, 0],
		[153, "PAD12_15", 1112.009, -875, "T", "DIP", "BUS_4", "", "C", 59.055, 59.055, 33.464, 33.464, 0],
		[154, "PAD12_15", 1112.009, -875, "B", "DIP", "BUS_4", "", "C", 59.055, 59.055, 33.464, 33.464, 0],
		[155, "PAD13_10", 1512.009, -1175, "T", "DIP", "GND", "GND", "C", 59.055, 59.055, 33.464, 33.464, 0],
		[156, "PAD13_10", 1512.009, -1175, "B", "DIP", "GND", "GND", "C", 59.055, 59.055, 33.464, 33.464, 0],
		[157, "PAD14_4", 912.009, -1175, "T", "DIP", "$1N846", "", "C", 59.055, 59.055, 33.464, 33.464, 0],
		[158, "PAD14_4", 912.009, -1175, "B", "DIP", "$1N846", "", "C", 59.055, 59.055, 33.464, 33.464, 0],
		[159, "PAD15_3", 812.009, -1175, "T", "DIP", "$1N844", "", "C", 59.055, 59.055, 33.464, 33.464, 0],
		[160, "PAD15_3", 812.009, -1175, "B", "DIP", "$1N844", "", "C", 59.055, 59.055, 33.464, 33.464, 0],
		[161, "PAD16_5", 1012.009, -1175, "T", "DIP", "$1N845", "", "C", 59.055, 59.055, 33.464, 33.464, 0],
		[162, "PAD16_5", 1012.009, -1175, "B", "DIP", "$1N845", "", "C", 59.055, 59.055, 33.464, 33.464, 0],
		[163, "PAD17_2", 712.009, -1175, "T", "DIP", "$1N843", "", "C", 59.055, 59.055, 33.464, 33.464, 0],
		[164, "PAD17_2", 712.009, -1175, "B", "DIP", "$1N843", "", "C", 59.055, 59.055, 33.464, 33.464, 0],
		[165, "PAD18_1", 612.009, -1175, "T", "DIP", "+5V", "", "C", 59.055, 59.055, 33.464, 33.464, 0],
		[166, "PAD18_1", 612.009, -1175, "B", "DIP", "+5V", "", "C", 59.055, 59.055, 33.464, 33.464, 0],
		[167, "PAD19_1", 1795, -1294.238, "T", "DIP", "BUS_1", "", "R", 66.929, 66.929, 43.308, 43.308, 270],
		[168, "PAD19_1", 1795, -1294.238, "B", "DIP", "BUS_1", "", "R", 66.929, 66.929, 43.308, 43.308, 270],
		[169, "PAD20_2", 1795, -1394.238, "T", "DIP", "BUS_2", "", "C", 66.929, 66.929, 43.308, 43.308, 270],
		[170, "PAD20_2", 1795, -1394.238, "B", "DIP", "BUS_2", "", "C", 66.929, 66.929, 43.308, 43.308, 270],
		[171, "PAD21_3", 1795, -1494.238, "T", "DIP", "BUS_3", "", "C", 66.929, 66.929, 43.308, 43.308, 270],
		[172, "PAD21_3", 1795, -1494.238, "B", "DIP", "BUS_3", "", "C", 66.929, 66.929, 43.308, 43.308, 270],
		[173, "PAD22_4", 1795, -1594.238, "T", "DIP", "BUS_4", "", "C", 66.929, 66.929, 43.308, 43.308, 270],
		[174, "PAD22_4", 1795, -1594.238, "B", "DIP", "BUS_4", "", "C", 66.929, 66.929, 43.308, 43.308, 270],
		[175, "PAD23_1", 970, -1860, "T", "DIP", "+5V", "", "C", 70.866, 70.866, 47.244, 47.244, 0],
		[176, "PAD23_1", 970, -1860, "B", "DIP", "+5V", "", "C", 70.866, 70.866, 47.244, 47.244, 0],
		[177, "PAD24_2", 1170, -1860, "T", "DIP", "GND", "GND", "C", 70.866, 70.866, 47.244, 47.244, 0],
		[178, "PAD24_2", 1170, -1860, "B", "DIP", "GND", "GND", "C", 70.866, 70.866, 47.244, 47.244, 0],
		[179, "PAD25_1", -195.1365, -956.85, "T", "DIP", "$1N843", "", "R", 62.992, 62.992, 39.37, 39.37, 0],
		[180, "PAD25_1", -195.1365, -956.85, "B", "DIP", "$1N843", "", "R", 62.992, 62.992, 39.37, 39.37, 0],
		[181, "PAD26_2", -95.1365, -956.85, "T", "DIP", "$1N847", "", "C", 62.992, 62.992, 39.37, 39.37, 0],
		[182, "PAD26_2", -95.1365, -956.85, "B", "DIP", "$1N847", "", "C", 62.992, 62.992, 39.37, 39.37, 0],
		[183, "PAD27_1", -195.1365, -1236.535, "T", "DIP", "$1N844", "", "R", 62.992, 62.992, 39.37, 39.37, 0],
		[184, "PAD27_1", -195.1365, -1236.535, "B", "DIP", "$1N844", "", "R", 62.992, 62.992, 39.37, 39.37, 0],
		[185, "PAD28_2", -95.1365, -1236.535, "T", "DIP", "$1N848", "", "C", 62.992, 62.992, 39.37, 39.37, 0],
		[186, "PAD28_2", -95.1365, -1236.535, "B", "DIP", "$1N848", "", "C", 62.992, 62.992, 39.37, 39.37, 0],
		[187, "PAD29_1", -195.1365, -1516.22, "T", "DIP", "$1N846", "", "R", 62.992, 62.992, 39.37, 39.37, 0],
		[188, "PAD29_1", -195.1365, -1516.22, "B", "DIP", "$1N846", "", "R", 62.992, 62.992, 39.37, 39.37, 0],
		[189, "PAD30_2", -95.1365, -1516.22, "T", "DIP", "$1N849", "", "C", 62.992, 62.992, 39.37, 39.37, 0],
		[190, "PAD30_2", -95.1365, -1516.22, "B", "DIP", "$1N849", "", "C", 62.992, 62.992, 39.37, 39.37, 0],
		[191, "PAD31_1", -195.1365, -1795.905, "T", "DIP", "$1N845", "", "R", 62.992, 62.992, 39.37, 39.37, 0],
		[192, "PAD31_1", -195.1365, -1795.905, "B", "DIP", "$1N845", "", "R", 62.992, 62.992, 39.37, 39.37, 0],
		[193, "PAD32_2", -95.1365, -1795.905, "T", "DIP", "$1N850", "", "C", 62.992, 62.992, 39.37, 39.37, 0],
		[194, "PAD32_2", -95.1365, -1795.905, "B", "DIP", "$1N850", "", "C", 62.992, 62.992, 39.37, 39.37, 0],
		[195, "PAD33_1", 53.3805, -956.85, "T", "DIP", "$1N847", "", "C", 74, 74, 35.4, 35.4, 0],
		[196, "PAD33_1", 53.3805, -956.85, "B", "DIP", "$1N847", "", "C", 74, 74, 35.4, 35.4, 0],
		[197, "PAD34_2", 453.3805, -956.85, "T", "DIP", "GND", "GND", "C", 74, 74, 35.4, 35.4, 0],
		[198, "PAD34_2", 453.3805, -956.85, "B", "DIP", "GND", "GND", "C", 74, 74, 35.4, 35.4, 0],
		[199, "PAD35_1", 53.3805, -1236.535, "T", "DIP", "$1N848", "", "C", 74, 74, 35.4, 35.4, 0],
		[200, "PAD35_1", 53.3805, -1236.535, "B", "DIP", "$1N848", "", "C", 74, 74, 35.4, 35.4, 0],
		[201, "PAD36_2", 453.3805, -1236.535, "T", "DIP", "GND", "GND", "C", 74, 74, 35.4, 35.4, 0],
		[202, "PAD36_2", 453.3805, -1236.535, "B", "DIP", "GND", "GND", "C", 74, 74, 35.4, 35.4, 0],
		[203, "PAD37_1", 53.3805, -1516.22, "T", "DIP", "$1N849", "", "C", 74, 74, 35.4, 35.4, 0],
		[204, "PAD37_1", 53.3805, -1516.22, "B", "DIP", "$1N849", "", "C", 74, 74, 35.4, 35.4, 0],
		[205, "PAD38_2", 453.3805, -1516.22, "T", "DIP", "GND", "GND", "C", 74, 74, 35.4, 35.4, 0],
		[206, "PAD38_2", 453.3805, -1516.22, "B", "DIP", "GND", "GND", "C", 74, 74, 35.4, 35.4, 0],
		[207, "PAD39_1", 53.3805, -1795.905, "T", "DIP", "$1N850", "", "C", 74, 74, 35.4, 35.4, 0],
		[208, "PAD39_1", 53.3805, -1795.905, "B", "DIP", "$1N850", "", "C", 74, 74, 35.4, 35.4, 0],
		[209, "PAD40_2", 453.3805, -1795.905, "T", "DIP", "GND", "GND", "C", 74, 74, 35.4, 35.4, 0],
		[210, "PAD40_2", 453.3805, -1795.905, "B", "DIP", "GND", "GND", "C", 74, 74, 35.4, 35.4, 0],
		[211, "PAD41_1", 720, -1671.3, "T", "DIP", "~CLR", "", "R", 66.929, 66.929, 39.37, 39.37, 90],
		[212, "PAD41_1", 720, -1671.3, "B", "DIP", "~CLR", "", "R", 66.929, 66.929, 39.37, 39.37, 90],
		[213, "PAD42_2", 820, -1671.3, "T", "DIP", "CLK", "", "C", 66.929, 66.929, 39.37, 39.37, 90],
		[214, "PAD42_2", 820, -1671.3, "B", "DIP", "CLK", "", "C", 66.929, 66.929, 39.37, 39.37, 90],
		[215, "PAD43_7", 1320, -1671.3, "T", "DIP", "COUNT_EN", "", "C", 66.929, 66.929, 39.37, 39.37, 90],
		[216, "PAD43_7", 1320, -1671.3, "B", "DIP", "COUNT_EN", "", "C", 66.929, 66.929, 39.37, 39.37, 90],
		[217, "PAD44_8", 1420, -1671.3, "T", "DIP", "GND", "GND", "C", 66.929, 66.929, 39.37, 39.37, 90],
		[218, "PAD44_8", 1420, -1671.3, "B", "DIP", "GND", "GND", "C", 66.929, 66.929, 39.37, 39.37, 90],
		[219, "PAD45_3", 920, -1671.3, "T", "DIP", "BUS_1", "", "C", 66.929, 66.929, 39.37, 39.37, 90],
		[220, "PAD45_3", 920, -1671.3, "B", "DIP", "BUS_1", "", "C", 66.929, 66.929, 39.37, 39.37, 90],
		[221, "PAD46_4", 1020, -1671.3, "T", "DIP", "BUS_2", "", "C", 66.929, 66.929, 39.37, 39.37, 90],
		[222, "PAD46_4", 1020, -1671.3, "B", "DIP", "BUS_2", "", "C", 66.929, 66.929, 39.37, 39.37, 90],
		[223, "PAD47_6", 1220, -1671.3, "T", "DIP", "BUS_4", "", "C", 66.929, 66.929, 39.37, 39.37, 90],
		[224, "PAD47_6", 1220, -1671.3, "B", "DIP", "BUS_4", "", "C", 66.929, 66.929, 39.37, 39.37, 90],
		[225, "PAD48_5", 1120, -1671.3, "T", "DIP", "BUS_3", "", "C", 66.929, 66.929, 39.37, 39.37, 90],
		[226, "PAD48_5", 1120, -1671.3, "B", "DIP", "BUS_3", "", "C", 66.929, 66.929, 39.37, 39.37, 90],
		[227, "PAD49_9", 1420, -1358.7, "T", "DIP", "~JUMP", "", "C", 66.929, 66.929, 39.37, 39.37, 90],
		[228, "PAD49_9", 1420, -1358.7, "B", "DIP", "~JUMP", "", "C", 66.929, 66.929, 39.37, 39.37, 90],
		[229, "PAD50_10", 1320, -1358.7, "T", "DIP", "COUNT_EN", "", "C", 66.929, 66.929, 39.37, 39.37, 90],
		[230, "PAD50_10", 1320, -1358.7, "B", "DIP", "COUNT_EN", "", "C", 66.929, 66.929, 39.37, 39.37, 90],
		[231, "PAD51_11", 1220, -1358.7, "T", "DIP", "$1N845", "", "C", 66.929, 66.929, 39.37, 39.37, 90],
		[232, "PAD51_11", 1220, -1358.7, "B", "DIP", "$1N845", "", "C", 66.929, 66.929, 39.37, 39.37, 90],
		[233, "PAD52_12", 1120, -1358.7, "T", "DIP", "$1N846", "", "C", 66.929, 66.929, 39.37, 39.37, 90],
		[234, "PAD52_12", 1120, -1358.7, "B", "DIP", "$1N846", "", "C", 66.929, 66.929, 39.37, 39.37, 90],
		[235, "PAD53_13", 1020, -1358.7, "T", "DIP", "$1N844", "", "C", 66.929, 66.929, 39.37, 39.37, 90],
		[236, "PAD53_13", 1020, -1358.7, "B", "DIP", "$1N844", "", "C", 66.929, 66.929, 39.37, 39.37, 90],
		[237, "PAD54_14", 920, -1358.7, "T", "DIP", "$1N843", "", "C", 66.929, 66.929, 39.37, 39.37, 90],
		[238, "PAD54_14", 920, -1358.7, "B", "DIP", "$1N843", "", "C", 66.929, 66.929, 39.37, 39.37, 90],
		[239, "PAD55_16", 720, -1358.7, "T", "DIP", "+5V", "", "C", 66.929, 66.929, 39.37, 39.37, 90],
		[240, "PAD55_16", 720, -1358.7, "B", "DIP", "+5V", "", "C", 66.929, 66.929, 39.37, 39.37, 90],
		[241, "PAD56_1", 1795, -2061.553, "T", "DIP", "~JUMP", "", "R", 66.929, 66.929, 43.308, 43.308, 0],
		[242, "PAD56_1", 1795, -2061.553, "B", "DIP", "~JUMP", "", "R", 66.929, 66.929, 43.308, 43.308, 0]
	]
}
}